Company,Title,Original Price,Current Price,Number of Reviews
러븀,[1월 올영픽] 러븀 내추럴 블랑 데일리 토너 패드 60매,"23,000","15,000",426
브이티,[아랑Pick] VT 리들샷 100 에센스 50ml,"32,000","24,600",999+
데이지크,[NEW 출시] 데이지크 워터 베일 프라이머 40ml,"28,000","19,900",64
달바,[NEW 올영 단독 런칭/쇼케이스 특가] 달바 워터풀 톤업 선크림 퍼플 50ml,"34,000","19,900",10
마녀공장,[3년 연속 1위] 마녀공장 퓨어 클렌징 오일 300mlx2 더블기획,"49,000","31,400",999+
에스트라,[NEW/리뷰이벤트] 에스트라 아토베리어365 크림 80ml,"33,000","26,400",86
달바,[쇼케이스 특가] 달바 워터풀 톤업 선크림 듀오 기획(50ml+50ml),"51,000","35,700",999+
메디힐,[거울키링증정] 메디힐 패드 100매 (+100매 더블증정 빤쮸토끼 기획) 콜라겐/마데카소사이드/티트리 3종 택1,"39,900","28,400",999+
랑벨,랑벨 내츄럴 딥클렌징 스페셜 기획 (클렌징오일200ml+클렌저30ml),"19,900","15,210",999+
비플레인,[늘이농 PICK / 단독기획] 비플레인 시카테롤 앰플 30ml 기획(+리필31ml),"26,000","20,800",999+
라우쉬,[2023 어워즈] 라우쉬 콜츠푸트 안티-댄드러프 샴푸 200ml 한정 기획,"39,800","35,820",747
클리오,[NEW] 클리오 샤프 쏘 심플 워터프루프 펜슬라이너,"11,000","7,700",999+
마녀공장,[민카롱 Pick] 마녀공장 퓨어&딥 클렌징 폼 1+1 기획 (120ml+120ml),"12,000","10,500",999+
덴티스테,덴티스테 민트볼 20입,"6,500","4,400",999+
뮤드,[NEW컬러] 뮤드 인스파이어 스키니 컬링/멀티 픽서 마스카라,"14,000","10,500",999+
에스네이처,[2023어워즈/1+1] 에스네이처 아쿠아 스쿠알란 수분크림 60ml 더블 어워즈 한정기획 (60ml+60ml),"43,000","23,500",999+
넘버즈인,[피부결] 넘버즈인 3번 보들보들 결 세럼 80ml 기획(+3번 결 세럼팩),"34,000","23,800",999+
롬앤,[2023 어워즈/1위틴트] 롬앤 쥬시 래스팅 틴트,"9,900","8,400",999+
코스노리,[NEW컬러] 코스노리 웨이브 틴트 9 colors,"15,000","12,000",999+
트리셀,[1월 올영픽] 트리셀 포르테 앰플 트리트먼트 기획세트 (200ml+200ml),"28,000","20,060",422
어노브,[2023 어워즈 헤어케어 1위]어노브 대용량 딥 데미지 트리트먼트 EX 어워즈/듀오/더블 기획3종 택1,"42,000","28,500",999+
오쏘몰,오쏘몰 이뮨 멀티비타민&미네랄 7입 (1주분),"38,000","31,800",999+
좋은느낌,좋은느낌 유기농 순면커버 라이너  6종 택 1 (롱 / 일반 / 수퍼롱),"6,500","3,580",999+
아벤느,아벤느 이드랑스 아쿠아 크림-인-젤 EX 50ml 한정기획 (+이드랑스 에센스인로션 100ml) (와다다곰 콜라보),"31,000","22,900",392
러븀,[1월 올영픽][최모나 PICK] 러븀 카밍 리페어 어린시카 겔 마스크 5매,"25,000","16,700",999+
스킨푸드,[한정기획] 스킨푸드 캐롯 카로틴 카밍 워터 패드 기획 (60매+6매증정),"26,000","17,290",999+
온더바디,[마루는강쥐X온더바디] 온더바디 발을씻자 코튼 풋샴푸 385ml 2종 택1 (민트향/비누향),"11,900","5,450",999+
피지오겔,[더블기획] 피지오겔 DMT 페이셜 크림 100ml+100ml 증정 기획,"59,000","29,900",999+
아비브,[NEW] 아비브 껌딱지 시트 마스크 어성초 스티커 1매,"4,000","2,000",999+
에스쁘아,[올영픽/민스코 공동개발]에스쁘아 더브로우 밸런스 펜슬 (+미니 브로우 카라 증정 기획),"16,000","12,800",999+
에이프릴스킨,에이프릴스킨 매직스노우 쿠션 블랙 3.0 (본품+리필 증정),"33,000","23,100",999+
라네즈,[1월올영PICK/1+1] 라네즈 크림스킨 170ml 리필 기획 (+170ml 리필),"33,000","23,700",999+
웨이크메이크,[1월한정기획] 웨이크메이크 듀이 젤 글로우 틴트 12 COLOR (립오일기획/단품),"14,000","11,200",999+
닥터지,[2세대 천만크림] 닥터지 레드 블레미쉬 클리어 수딩 크림 70ml+30ml 세트,"38,000","26,600",999+
롬앤,[NEW] 롬앤 글래스팅 컬러 글로스,"13,000","9,900",441
라로슈포제,라로슈포제 시카플라스트 밤B5+ 200ml 기획 (+시카토너 50ml+시카밤 3ml*2 증정),"68,000","49,900",999+
페리페라,[페리복권] 페리페라 잉크 무드 글로이틴트,"11,000","8,800",999+
셀리맥스,[100% 페이백이벤트] 셀리맥스 시카 지우개패드 60매 (토너 패드),"24,000","17,900",869
푸드올로지,[2023어워즈/한정기획] 콜레올로지 600mg * 30+10정 추가증정,"22,900","17,400",999+
메디힐,[2023어워즈] 메디힐 티트리 에센셜 마스크 기획 (10매+2매),"20,000","10,000",999+
아누아,[피지쏙] 아누아 어성초 포어 컨트롤 클렌징오일 200ml,"20,000","16,150",999+
구달,[단독기획] 구달 청귤 비타C 잡티케어 세럼 30ml 기획 (+세럼 10ml +마스크팩 1매 증정),"28,000","20,400",999+
웨이크메이크,[NEW 컬러 출시] 웨이크메이크 소프트 블러링 아이팔레트 14 COLOR (기획/단품),"34,000","23,800",999+
에스쁘아,[올영픽/윈터PICK] 에스쁘아 꾸뛰르 립틴트 글레이즈 6colors,"22,000","17,600",727
아비브,[제이나PICK / 1월 올영픽] 아비브 부활초 비피다 세럼 퍼밍 드롭 50ml 기획 (+30ml 추가 증정),"32,000","22,400",999+
마그랩,[1월 올영픽]마그랩 포 스트레스 글루콘산마그네슘 25ml*10+2입 단독기획 (12일분),"39,000","27,900",999+
넘버즈인,[피부결] 넘버즈인 3번 참은만큼 보들보들 결세럼팩 1매,"4,000","2,000",999+
글린트,[NEW] 글린트 하이라이터,"22,000","18,700",999+
바닐라코,[2023어워즈][더블기획]바닐라코 클린잇제로 클렌징밤 오리지널 100ml(+100ml 추가 증정),"34,000","21,900",999+
웨이크메이크,[1+1기획] 웨이크메이크 철벽 펜 아이라이너 3color (1+1기획/단품),"13,000","11,700",999+
투쿨포스쿨,[애교살메이커]투쿨포스쿨 프로타주 펜슬,"12,000","9,900",999+
스킨시그널,[포니 PICK] 스킨시그널 클레이 효소클렌저 3종 택1,"25,000","18,900",999+
마르시끄,"[브라이언 PICK] 마르시끄 링클 리페어 주름패치(미간, 팔자, 이마) 3종 택 1","12,900","11,800",999+
에스트라,[NEW/리뉴얼] 에스트라 아토베리어365 로션 150ml,"33,000","26,400",14
피지오겔,[한정기획] 피지오겔 데일리뮨 앰플 세럼 20ml+4ml+마스크팩1매 증정 기획,"45,000","39,900",999+
아비브,[1월 올영픽] 아비브 부활초 크림 뉴트리션 튜브 75ml 기획 (+30ml 추가 증정),"35,000","24,000",999+
케어플러스,[6년연속1위]케어플러스 상처커버 스팟패치 어워즈 한정기획(102+42매),"6,000","5,420",999+
아임미미,[애교살][하리무&레디 Pick] 아임미미 아임스틱 아이섀도우 시머 애교살메이커,"9,900","7,400",999+
아누아,[2023어워즈/3년연속] 아누아 어성초 77 수딩 토너 350ml 어워즈 한정 기획 (본품+리필팩+진정마스크1매),"45,000","29,900",999+
메디힐,[유이수 PICK] 메디힐 비타민씨 브라이트닝 세럼 40ml,"22,000","14,900",171
웰라쥬,[형원PICK] 웰라쥬 리얼 히알루로닉 블루 100 앰플 75ml 1+1 기획,"46,000","28,500",999+
클리오,[2023어워즈/4년연속 1등] 클리오 킬커버 더뉴 파운웨어 쿠션(본품+리필+쉐딩스틱 증정 기획),"36,000","27,000",999+
낫츠,낫츠 센텔라스카 연고 일랑일랑 15g,"20,000","18,000",999+
토니모리,[재유PICK][24SS/NEW] 토니모리 겟잇틴트 워터풀버터 13종,"16,000","12,800",999+
달바,[22관왕/3000만병 누적판매] 달바 화이트 트러플 퍼스트 스프레이 세럼 100ml,"29,900","20,900",999+
라보에이치,[2023 어워즈 샴푸 1위] 라보에이치 두피강화 샴푸 탈모증상완화 750ML 어워즈 한정기획(+120ML 2개),"36,000","26,900",999+
토리든,[대용량기획] 토리든 다이브인 저분자 히알루론산 세럼 70ml 대용량 기획(+세럼 10ml),"32,000","24,000",999+
아이디얼포맨,[5년연속1위]아이디얼 포맨 퍼펙트 올인원 밀크 어워즈 한정기획,"29,000","20,900",999+
넘버즈인,[흔적미백] 넘버즈인 5번 비타민C 뿌려만든 글루타치온 필름팩 1매,"4,000","2,000",255
토리든,[2023어워즈] 토리든 다이브인 저분자 히알루론산 마스크 10매 어워즈 한정기획 (+3매+밸런스풀마스크1매),"30,000","18,000",999+
정샘물,정샘물 에센셜 스킨 누더 쿠션 (본품+리필) 택 1,"42,000","39,900",999+
투크,[NEW도화살몬] 투크 워터프루프 슬림 아이라이너 10colors,"13,900","12,510",999+
클리오,[1등마스카라]클리오 킬래쉬 수퍼프루프마스카라 1+1 기획,"18,000","17,400",999+
러븀,[1월 올영픽] 러븀 애프터 글로우 유자 겔 마스크 5매,"25,000","16,700",999+
에스쁘아,[1월 올영픽] 에스쁘아 비글로우/비벨벳 쿠션 에어퍼프 5개입(2종),"10,000","7,900",999+
브링그린,브링그린 프레시마스크 1매 5종,"1,800",990,999+
3CE,[NEW/민니PICK] 3CE 샤인 리플렉터,"19,000","17,100",146
코스알엑스,코스알엑스 약산성 나이아신아마이드 미셀라 클렌징 워터 400mL,"17,000","9,520",999+
롬앤,[NEW/립밤] 롬앤 글래스팅 멜팅 밤,"13,000","9,900",999+
넘버즈인,[모공각질] 넘버즈인 4번 모공제로 깐달걀 토너패드 70매 기획 (+10매 추가 증정),"26,000","18,200",999+
넘버즈인,[흔적미백] 넘버즈인 5번 글루타치온C 흔적 앰플 30ml 기획(+패드 6매 증정),"28,000","19,600",999+
에스트라,에스트라 에이시카365 흔적진정세럼 40ml 기획 (+크림10ml+토너25ml 증정)(2307),"38,000","30,400",999+
리쥬란,[단독기획] 리쥬란 힐러 턴오버 앰플 듀얼 이펙트 30ml+7ml 증정 기획,"59,000","38,300",999+
딜라이트 프로젝트,딜라이트 프로젝트 베이글칩 125g 어워즈 한정 기획 2종 (갈릭/허니),"5,600","3,200",999+
에뛰드,[조효진 개발/NEW] 에뛰드 재창조 메이커 쉐딩 멀티 스틱 (웜&쿨),"14,000","11,200",999+
러븀,러븀 카밍 리페어 어린시카 스팟 패드 60매,"23,000","15,400",216
닥터지,[나도PICK/100ml+100ml] 닥터지 더모이스처 배리어 D 인텐스 크림 100ml+100ml 듀오기획,"45,000","26,910",999+
일리윤,일리윤 세라마이드 아토 로션기획(600ML+600ML),"55,900","35,900",999+
스킨푸드,[한정기획/1+1] 스킨푸드 로열허니 프로폴리스 인리치 에센스 50ml 리필기획,"32,000","19,500",999+
도브,[NEW] 도브 바디 스크럽 4종 택1,"17,900","13,400",225
메디힐,"[2023어워즈] 메디힐 마데카소사이드 흔적패드 100매 어워즈 기획 (+100매, 마스크2매)","39,900","28,900",999+
라보에이치,[1월 올영픽] 라보에이치 두피강화 캡슐트리트먼트 탈모증상완화 200ML 더블기획,"28,000","16,900",999+
바닐라코,[2023어워즈] 바닐라코 프라임 프라이머 피니쉬 파우더 12g 어워즈 한정기획(+프라이머 15ml증정),"22,000","17,600",999+
토르홉,토르홉 사우난지앙 솔트 마스크 150g,"45,100","38,400",877
메디힐,[단독기획] 메디힐 콜라겐 에센셜 마스크 10+1매 기획,"20,000","10,000",999+
일리윤,[1월 올영픽] 일리윤 세라마이드 아토 로션 (본품600ML+128ML 증정),"33,900","21,900",999+
어노브,어노브 실크 오일 에센스 70ml (단백질 헤어 에센스),"19,000","16,900",999+
아리얼,[ 1월 올영픽] 아리얼 더 퍼펙트 클렌징 티슈 플러스 100매,"9,900","5,700",999+
메디필,[1월올영픽] 메디필 레드 락토 콜라겐 클리어 폼 2.0 기획 (300ml+딥 해면 구성),"24,000","12,500",999+
롬앤,[블러셔] 롬앤 베러 댄 치크,"12,000","9,900",999+
듀이셀,듀이셀 큐라톤즈 모이스쳐 40ml,"23,900","19,100",6
클리오,클리오 벨벳립펜슬 샤프너 증정 기획세트,"14,000","9,310",999+
바이오더마,[2023어워즈] 바이오더마 센시비오 H2O 500ml 더블 어워즈 한정기획(10ml+화장솜 증정),"42,000","31,900",999+
파넬,[단독 기획] 파넬 시카마누 92세럼 더블 기획,"52,000","44,200",999+
메디필,메디필 히알루론산 레이어 물톡스 앰플 더블 기획 30ml,"34,000","25,500",999+
웨이크메이크,[1월올영픽] 웨이크메이크 워터 글로우 코팅 쿠션 (리필기획/스트랩기획),"36,000","26,800",999+
투쿨포스쿨,[6년연속수상쉐딩] 투쿨포스쿨 바이로댕 쉐이딩 단품/기획(+미니쉐딩증정),"16,000","14,400",999+
딥트3일,[1월 올영픽]딥트 3일 피치맛번 x 숌 포니 피치 뷰티 콜라보 기획 (30일분),"49,000","36,700",999+
모레모,[1월 올영픽]모레모 헤어 트리트먼트 미라클 2X 베이커리 에디션 기획 480ml(60ml 증정),"39,000","22,900",999+
포맨트,포맨트 시그니처 퍼퓸 50ml (코튼메모리),"49,000","46,000",999+
VDL,"[리뷰이벤트] VDL 커버스테인 퍼펙팅 파운데이션 30ml (SPF35, PA++)","30,000","24,000",999+
닥터자르트,닥터자르트 세라마이딘 울트라 모이스처라이징 크림 50ml,"50,000","25,000",999+
에스쁘아,[올영픽/윈터PICK] 에스쁘아 비글로우 뉴클래스 쿠션 단독기획 (본품+리필+체리퍼프+비글로우 파운데이션 7ml),"38,000","29,900",999+
얼터너티브스테레오,[NEW] 얼터너티브스테레오 립 포션 바미 로즈,"19,000","17,100",304
토리든,[단독기획] 토리든 다이브인 저분자 히알루론산 수딩 크림 100ml 기획(+20ml),"24,000","16,800",999+
클리오,[NEW 컬러 추가] 클리오 프로아이팔레트에어 기획/단품,"34,000","23,800",999+
어노브,어노브 히팅 가드 노워시 트리트먼트 147ml (극손상모 헤어팩),"18,000","14,900",999+
비플레인,비플레인 녹두 약산성 클렌징폼 160ml + 40ml 기획,"21,900","18,600",999+
달바,[선물추천] 달바 시그니처 오리지널 & 프리미엄 비건 미스트 세럼 기프트 세트,"55,000","35,900",537
토리든,[단독기획] 토리든 다이브인 저분자 히알루론산 클렌징 폼 더블 기획 (150ml+150ml),"26,000","18,200",999+
그로우어스,[2023어워즈] 그로우어스 데미지 테라피 노워시 트리트먼트 250ml 어워즈 한정기획(+샴푸 100ml),"26,000","23,200",999+
파파레서피,"파파레서피 효소 파우더 클렌저 50g 3종 택1 ([인씨 PICK] 블레미쉬(광채), 가지(보습), 티트리(진정))","18,000","13,680",999+
아벤느,[올리버쌤PICK]아벤느 오 떼르말 300ml 더블 한정기획 (와다다곰 콜라보),"34,000","21,700",999+
디마르3,[Y자모공교정/리뷰이벤트] 디마르3 시그니처 에스투드 프로텍터 대용량 앰플 170ml,"59,900","55,200",999+
더샘,[1등 컨실러] 더샘 커버 퍼펙션 트리플 팟 컨실러 4colors,"12,000","11,400",999+
폰즈,[1월 올영픽 / 오일증정] 폰즈 클리어 스파 립앤아이 리무버 300ml 기획세트,"24,500","12,500",999+
아비브,[2023어워즈] 아비브 어성초 스팟 패드 카밍터치 80매 더블 기획,"42,000","24,000",999+
메디힐,메디힐 티트리 에센셜 마스크 1매,"2,000","1,000",999+
넘버즈인,[피지진정] 넘버즈인 1번 시카 갈아만든 초록패드 70매 기획 (+10매 추가 증정),"26,000","18,200",999+
좋은느낌,좋은느낌 입는오버나이트 4P 1+1 한정 기획(총 8P) 2종 중 택1 (중형/대형),"8,600","6,200",999+
아누아,[리필기획] 아누아 어성초 77 클리어패드 리필 기획 (70+70매 리필),"45,000","33,700",999+
AHC,[판매량 1억개 돌파] AHC 텐 레볼루션 리얼 아이크림 포 페이스 스페셜 퍼밍 세트,"23,000","16,900",999+
레이비,레이비 바디워시 500ml 4종 택1,"10,900","8,900",999+
데이지크,[NEW] 데이지크 멜팅 캔디 밤 5종 택1,"14,000","9,980",999+
피지오겔,[한정기획] 피지오겔 레드수딩 AI 크림 100ml+30ml 증정 기획,"49,900","29,900",999+
아이오페,[단독기획] 아이오페 레티놀 슈퍼 바운스 세럼 30ml 기획(+세럼 10ml+바이오에센스48ml),"50,000","42,000",999+
세타필,세타필 모이스춰라이징 로션 1L,"25,600","20,900",999+
아비브,[NEW] 아비브 껌딱지 시트 마스크 마데카소사이드 스티커 1매,"4,000","2,000",999+
더마토리,더마토리 프로 비타 에이 레티날덤 밴드 마스크 1매 (모공탄력),"4,000","2,000",999+
닥터지,닥터지 브라이트닝 필링젤 120g 기획 (필링젤 60g+배리어D로션 2ml),"21,000","17,850",999+
아리얼,[ 1월 올영픽] 아리얼 스트레스 릴리빙 립앤아이 리무버 패드 30매,"3,900","2,800",999+
3CE,[2023어워즈/한정기획] 3CE 블러 매트 립스틱(단품/기획),"22,000","16,500",999+
메디힐,[단독기획] 메디힐 마데카소사이드 에센셜 마스크 10+1매 기획,"20,000","10,000",999+
에뛰드,[올영단독] 에뛰드 진저 슈가 립케어 3종 택1 (립마스크/립밤/스틱),"7,000","6,300",999+
트리헛,[7년연속 1위][규진 PICK] 트리헛 시어 슈가 스크럽 510g 12종 택1 (단품/기획),"22,500","18,000",999+
브링그린,[백현 PICK] 브링그린 티트리시카수딩크림플러스 100mL더블기획_NEW,"34,200","20,520",999+
테라브레스,테라브레스 오랄린스 패밀리사이즈 1L+150ml 기획 (12ml*5ea 증정) 중 택1,"22,900","20,100",999+
메디힐,메디힐 워터마이드 에센셜 마스크 1매,"2,000","1,000",999+
라이브오랄스,라이브오랄스 퓨어다이아 치아미백제 (2주분),"32,500","29,100",361
그린몬스터,[1월 올영픽] 그린몬스터 데일리 헐리우드48시간 원조 비건 클렌즈,"3,800","3,100",999+
크리니크,[2023 어워즈] 크리니크 치크 팝 단품 택1 (발레리나팝 외),"36,000","30,600",999+
일소,[로운PICK]일소 네추럴 마일드 클리어 노우즈 팩 5매입,"12,900","11,900",999+
피지오겔,[한정기획] 피지오겔 DMT 페이셜 로션 200ml+50ml 증정 기획,"38,000","21,500",999+
더하르나이,[혜림쌤 PICK][단독기획]더하르나이 시카이드 크림 100ml + 30ml 기획,"29,000","23,200",186
메디힐,[NEW]메디힐 레티놀 콜라겐 아이 앰플 패치 60매,"23,000","13,900",662
롬앤,[섀도우] 롬앤 베러 댄 팔레트 (단품/기획),"30,000","22,900",999+
덴티스테,덴티스테 후레쉬 브레스 스프레이 15ml,"8,900","7,100",999+
코스알엑스,코스알엑스 클리어 핏 마스터 패치 18매,"3,500","2,100",99
아로마티카,아로마티카 퓨어 앤 소프트 여성청결제 듀오 2종 택 1 (170ml 기획 / 200ml 기획),"35,000","21,000",999+
라씨엘르,[단독증량기획] 라씨엘르 엔자임 곡물 클렌징 파우더워시 기획 (본품60g + 10g 추가 증정),"24,000","16,800",999+
바른생각,[의료기기] 바른생각 콘돔 8종 택 1 (초박형/에어핏/워터리/라지핏/슬림핏/퍼펙트핏/대용량/슬림핏),"13,900","10,900",999+
파티온,[단독기획] 파티온 노스카나인 트러블 흔적 앰플 30ml 한정기획(+트러블세럼 30ml & 흔적크림 1ml*3),"48,000","38,400",999+
에스트라,에스트라 아토베리어365 하이드로 수딩크림 60ml,"33,000","26,400",999+
바이탈뷰티,[1월 올영픽][민스코PICK/30+10포]바이탈뷰티 슈퍼레티놀C 기획세트,"28,000","22,400",999+
아임미미,[쉐딩스틱][하리무&레디 Pick]아임미미 아임멀티스틱 쉐딩 하이라이터 블러셔),"12,000","9,000",999+
좋은느낌,좋은느낌 좋은순면 생리대 4종 택 1 (중형 / 대형 / 수퍼롱 / 라이너),"6,000","3,300",999+
듀이트리,[더보이즈큐포카&다꾸템증정]AC 컨트롤 딥 그린 카밍 에센스 기획(40ml+크림20ml),"28,000","17,600",999+
피카소,피카소 메이크업 스파츌라 어워즈 한정기획(+클라우드 퍼프2P+헤어핀2P),"19,000","14,160",999+
비건이펙트,비건이펙트 클린 앤 글로우 청보리 LHA 젤 클렌저 205ml 기획 (+토너패드 4EA 증정),"22,000","20,000",441
포맨트,[1등 향수] 시그니처 퍼퓸 50ml 코튼허그 어워즈 한정기획 (본품+휴대용 향수 9ml),"39,000","37,000",999+
데이지크,[NEW컬러] 데이지크 쥬시 듀이 틴트 19종 택 1,"17,000","11,900",999+
라엘,라엘 유기농순면커버 생리대 6종 택1,"7,900","6,900",999+
푸드올로지,[서현pick]콜레올로지 버닝올로지 디데이 3.8g*5포 (5일분),"18,900","15,600",999+
라운드랩,[단독대용량] 라운드랩 자작나무 수분 크림 120ml 기획 (+수분패드 4매),"42,000","27,300",999+
에스쁘아,[1월 올영픽] 에스쁘아 프로테일러 파운데이션 비글로우 뉴클래스 30g,"40,000","29,900",999+
러븀,러븀 슬로우 에이징 피토 콜라겐 겔 마스크 5매입,"25,000","16,700",728
필리밀리,필리밀리S 브러시 7종 택1,"35,000","27,120",999+
에스쁘아,[2023어워즈]에스쁘아 비벨벳 커버쿠션 뉴클래스 어워즈 기획(본품+리필+비벨벳 파데 7ml *2 추가증정),"38,000","32,300",999+
라로슈포제,라로슈포제 시카플라스트 크림 B5 100ml 기획 (+시카마스크 25g),"58,000","39,900",509
컬러그램,[NEW COLOR] 컬러그램 음영 창조 라이너 4종,"9,900","7,900",999+
루나,[올리브영 5년연속 1위] 루나 롱래스팅 팁 컨실러 7.5g 7colors,"15,000","11,200",999+
조선미녀,조선미녀 맑은쌀선크림 더블기획세트 50ml*2,"30,000","24,000",679
라로슈포제,라로슈포제 똘러리앙 포밍클렌저125ml 더블 기획 (+똘러리앙로션 15ml),"56,000","39,200",999+
필리밀리,[대용량]필리밀리 1/2 화장솜 320P,"9,900","8,900",999+
넘버즈인,[쿨링진정] 넘버즈인 4번 SOS 응급진정 얼음장팩 1매,"4,000","2,000",999+
어노브,[2023 어워즈 헤어케어 1위]어노브 딥 데미지 트리트먼트 EX (본품207ml+100ml 추가 증정),"22,000","17,010",999+
토리든,[단독기획] 토리든 다이브인 저분자 히알루론산 토너 300ml 기획(+100ml 추가 증정),"21,000","15,700",999+
미쟝센,[2023 어워즈 헤어염색 1위] 블랙핑크x미쟝센 헬로크림 단품 및 한정기획,"16,000","8,800",999+
라네즈,라네즈 네오 쿠션 매트 15g 기획/단품,"30,000","25,500",999+
이니스프리,이니스프리 레티놀 시카 흔적 앰플 30ml 기획 (+7ml),"40,000","28,000",999+
아크로패스,아크로패스 트러블큐어 18매 기획(다크스팟케어 6매 증정),"25,900","23,300",184
웨이크메이크,[1월한정기획] 웨이크메이크 듀이 젤 글레이즈 스틱 12 COLOR (립펜슬기획/단품),"16,000","12,800",999+
노베브,[NEW뮤트컬러출시][재유 공동개발] 애교살메이커 노베브 언더 아이 마스터,"17,000","16,150",999+
코스노리,[2023어워즈] 코스노리 화이트닝 드레스 비건 톤업크림 어워즈 한정기획 (톤업크림 쿠션 증정),"20,000","16,000",999+
더샘,[대용량 단독기획] 더샘 커버 퍼펙션 팁컨실러 9.5g 6colors,"7,700","6,930",999+
아비브,[증량] 아비브 아크네 폼 클렌저 어성초 폼 대용량 250ml,"21,000","15,900",999+
셀퓨전씨,[베스트/밀착차단] 셀퓨전씨 레이저 썬스크린 더블기획 (35ml+35ml),"29,400","26,400",999+
스너글,스너글 섬유탈취제 470ml 6종 택1,"8,500","5,700",999+
테일러,테일러 푸룬 농축 딥워터 180ml,"4,500","4,050",999+
필리밀리,필리밀리 아이메이크업 브러시세트 (5종),"15,500","13,200",999+
토리든,[1월 올영픽/올영단독] 토리든 셀메이징 저분자 콜라겐 탄력 겔마스크 (얼굴 집중케어) 1매,"6,000","3,600",149
메이크프렘,메이크프렘 저자극 순둥 클렌징 밀크 기획 (200ml+폼50ml),"24,000","18,000",999+
에스쁘아,[올영픽/윈터PICK] 에스쁘아 리얼아이팔레트 올뉴 4 colors,"34,000","25,500",546
키스미,[NEW 컬러출시] N0.1 키스미 스무스 리퀴드 아이라이너 N,"18,000","12,600",999+
오브제,[덱스 PICK] 오브제 내추럴 커버 파운데이션 기획세트(+클렌징폼 50ml),"36,800","30,900",999+
아임미미,[쉐딩스틱][하리무&레디 Pick]입체음영창조 아임미미 아임멀티스틱듀얼 쉐딩&하이라이터 컨투어링(웜/쿨)(+퍼프증정),"16,000","11,400",999+
티타드,티타드 프레시 브레스 플러스 치약 더블기획 (100g*2 + 50g 증정),"22,000","18,700",999+
유리아쥬,유리아쥬 스틱레브르 오리지널 보습 립밤 더블기획 (4g +4g),"20,000","17,000",999+
넘버즈인,[피지순삭] 넘버즈인 1번 말끔 순삭 클렌징 오일 400ml 대용량 기획,"35,000","24,500",999+
플라이밀,플라이밀 단백질쉐이크 45g 4종 택1,"3,900","3,300",999+
히말라야,히말라야 숙취해소 파티스마트 츄 10P,"15,000","12,000",999+
라네즈,라네즈 립 슬리핑 마스크 EX 20g,"22,000","15,400",999+
이즈앤트리,[디렉터파이추천] 이즈앤트리 어니언 뉴페어 겔크림 50ml 기획(+겔크림 20ml),"32,000","19,900",999+
셀리맥스,[단독기획] 셀리맥스 더 리얼 노니 에너지 앰플 40ml 더블 기획 (40ml*2ea),"33,000","29,700",999+
정샘물,정샘물 에센셜 물크림 30ml/50ml 택1 (오리지널/라이트),"35,000","33,250",793
닥터지,[베스트/보송톤업] 닥터지 브라이트닝 업 선 플러스 40ml+40ml,"40,000","29,600",999+
에뛰드,[디렉터파이개발]에뛰드 순정 디렉터 수분 선크림 1+1기획(50ml+50ml),"25,000","23,900",999+
식물나라,식물나라 제주 탄산수 모공 딥 클렌징폼150mLX2,"12,800","10,800",999+
포맨트,포맨트 올인원 퍼퓸샤워 500ml (코튼허그),"24,000","21,600",883
코스노리,코스노리 롱 액티브 아이래쉬 세럼 비건 속눈썹영양제 단품/기획,"16,000","13,600",999+
더랩바이블랑두,[리뉴업] 더랩바이블랑두 저분자 히알루론산 딥 토너 200ml + 50ml 기획,"23,000","15,990",867
컬러그램,컬러그램 올인원 오버립 메이커 5 COLORS,"9,800","8,800",999+
바닐라코,[단독기획]바닐라코 클린잇제로 포어 클래리파잉 폼 클렌저 150ml 1+1기획,"16,000","11,200",999+
3CE,[민니PICK] 3CE 무드레시피 페이스 블러쉬,"18,000","14,400",999+
에스네이처,[인보라PICK/화해1위] 에스네이처 아쿠아 스쿠알란 세럼 50ml 기획(+50ml 리필+수분크림10ml),"35,000","22,900",999+
비비랩,[1월 올영픽][2023어워즈/한정기획] [이효리 PICK]비비랩 저분자콜라겐S 30포 더블기획+10포 미니 증정,"39,800","35,800",999+
달바,[19관왕] 달바 워터풀 에센스 선크림 듀오 기획 (50ml+50ml),"51,000","35,700",999+
테일러,NEW 테일러 푸룬 딥워터 180ml 매실/콤부차/커피 3종 택1,"4,500","3,150",999+
젬소,[리뉴얼]젬소 아이래쉬 앤 아이브로우 멀티액티브 세럼 3ml+1ml 증정기획,"43,800","40,700",432
파티온,[단독기획] 파티온 노스카나인 트러블 흔적 리페어 크림 50ml 기획(+5ml+흔적앰플 1ml*3ea),"35,000","28,000",769
웨이크메이크,[리뉴얼/듀얼브로우] 웨이크메이크 파우더 젯 듀얼 브로우 5 COLOR,"12,000","9,120",999+
네이처메이드,"네이처메이드 칼슘,마그네슘,아연,비타민D 180정 (2개월분)","25,000","20,000",999+
어뮤즈,[2023어워즈] 어뮤즈 듀 젤리 비건 쿠션(본품+리필+젤핏틴트 미니 06 서울 걸),"34,000","30,600",999+
네이밍,[단독기획] 네이밍 레이어드 핏 쿠션 기획 (본품+리필),"34,000","30,600",999+
아비브,[1월 올영픽] 아비브 콜라겐 아이패치 부활초 젤리 60매,"23,000","14,950",999+
더마비,[단독/대용량] 더마비 데일리 모이스처 바디로션 860ml,"23,000","19,800",999+
로레알,[한소희Pick]로레알파리 헤어오일 100ml 9종,"22,000","14,900",999+
이지엔,NEW) 이지엔 푸딩 헤어컬러 19종 택1 (염색),"16,000","8,800",999+
일소,[로운PICK]일소 네추럴 마일드 클리어 노우즈 팩 10매 기획,"25,000","21,500",999+
모로칸오일,모로칸오일 헤어 트리트먼트 100ml(펌프포함) 택1 (오리지널/라이트),"58,000","52,200",9
토리든,토리든 밸런스풀 시카 마스크 1매,"3,000","1,500",999+
구달,[단독기획] 구달 청귤 비타C 잡티케어 패드 70매 (+10매 증정기획),"26,000","17,290",898
미쟝센,미쟝센 쉽고 빠른 거품염색 (염색+새치겸용),"16,000","9,900",999+
라로슈포제,라로슈포제 NEW 시카플라스트 밤B5+ 100ml 기획(+시카밤 3ml * 2 증정),"39,000","33,150",999+
메디필,[민카롱 PICK] 메디필 엑스트라 슈퍼9 플러스 2.0 기획 (피지연화제),"24,900","14,160",999+
빼바,[성해은PICK/노슈가 프로틴바] 빼바 리얼초콜릿 프로틴바 40g 2종 택1 (다크/화이트),"2,700","2,300",999+
푸드올로지,[2023어워즈/한정기획] 콜레올로지 컷팅 젤리 10포+4포 증정기획,"23,900","18,800",999+
하아르,[1월올영픽/탈모증상완화] 하아르 닥터란 계란유래단백질 샴푸 500ml,"29,800","25,800",169
스너글,스너글 섬유탈취제 150ml 6종 택1,"5,000","3,300",999+
바이오힐보,바이오힐보 프로바이오덤 99.9 멜팅 콜라겐 아이필름 10매 대용량 (+콜라겐세럼 7ml*2 증정기획),"36,800","22,950",553
그라펜,[태이PICK] 그라펜 에어커버 스틱 파운데이션 13g 기획 (+트리플 핸섬립밤 4.3g) 2종 택1,"31,000","28,800",47
덴티스테,덴티스테 뉴플러스화이트 치약 튜브 160g 4개입/12개입 2종 택 1,"62,320","37,300",999+
퓌,퓌 블러셔 멜로우 8color,"19,000","11,400",999+
보로탈코,[1월 올영픽] 보로탈코 크레마 벨루탄테 크림 3종 택 1(30ml/30ml 더블기획/150ml),"7,500","5,500",999+
웨이크메이크,[1월한정기획] 웨이크메이크 믹스 블러링 볼륨 쉐딩 2COLOR (쉐딩스틱기획/단품),"16,000","13,600",999+
사포렐,사포렐 여성청결제 2종 택1 (폼타입/젤타입),"15,900","14,900",999+
네이처메이드,네이처메이드 액티브 데일리 멀티 포 우먼 120정 (2개월분),"35,000","28,000",999+
넘버즈인,[피지진정]넘버즈인 1번 진정 맑게담은 청초토너 300ml 리필기획(+300ml 증정),"40,000","28,000",999+
그라펜,[올영픽/태이PICK] 그라펜 제주 해수 볼륨업 컬크림 180ml 1+1 기획,"15,000","13,300",425
더단백,빙그레 더단백 팝칩 군옥수수,"2,500","1,800",999+
비플레인,[단독기획] 비플레인 녹두 클렌징 오일 200ml + 50ml 세트,"24,000","21,600",999+
아이소이,"[한정기획] 아이소이 11년간, 1등 잡티세럼 20ml+20ml+15ml 증량 기획","54,000","41,040",999+
비브리브,"비브리브 꼬박꼬밥 5종 중 택1(미숫가루,초코,스윗콘,밤,흑임자)","3,900","3,500",999+
웨이크메이크,[1+1기획] 웨이크메이크 내추럴 하드 브로우 펜슬 1+1 기획/단품,"13,000","11,700",999+
메디필,[1월올영픽] 메디필 레드 락토 콜라겐 클렌징 오일 2.0 200ml 기획 (+15ml 추가증정 ),"21,000","15,500",999+
클리오,클리오 킬브로우 오토하드브로우펜슬,"20,000","14,000",999+
정샘물,정샘물 에센셜 스킨 누더 롱웨어 쿠션 (본품+리필),"42,000","39,900",999+
라운드랩,라운드랩 소나무 진정 시카 앰플 30ml+30ml 더블기획,"43,000","30,000",999+
에스트라,에스트라 더마UV365 장벽수분 무기자차 선크림 40ml+10ml 기획 (+크림10ml 증정)(2307),"31,000","18,600",999+
닥터지,[대용량] 닥터지 더모이스처 배리어 D 로션 300ml 기획 (+멀티밤 1g),"37,000","25,900",999+
라보에이치,[1월 올영픽] 라보에이치 두피강화샴푸 탈모증상완화 333ML 기획(+333ML 리필),"33,900","22,900",999+
달리프,[1등 헤어토닉]달리프 클로렐라 헤어토닉 더블 기획(100ml+100ml)(탈모증상완화),"21,000","16,400",999+
케어플러스,[6년연속1위]케어플러스 상처커버 스팟패치 102매,"6,000","5,420",999+
하아르,[1월올영픽/단독기획] 하아르 닥터모리엔 탈모토닉 100ml 기획 (+샴푸 75ml 증정),"34,900","25,800",686
아비브,[1월 올영픽] 아비브 콜라겐 아이크림 부활초 튜브 30ml 기획 (+부활초 크림 30ml 증정),"26,000","18,200",247
존슨즈,[하니얌Pick] 존슨즈베이비 베드타임 로션 500ml,"20,900","11,900",999+
넘버즈인,[탄력미백] 넘버즈인 2번 워터콜라겐 65% 볼륨팩 기획 4매 (+1매 증정기획),"16,000","8,000",999+
넘버즈인,[수분광채] 넘버즈인 1번 수분흠뻑 스파광 삼림욕팩 4매 (+1매 증정기획),"16,000","8,000",999+
트리셀,[1+1기획]트리셀 데이/나이트 콜라겐 샴푸 더블 기획(360ml+360ml) 2종 택 1,"36,000","18,000",999+
필리밀리,필리밀리 엠보싱화장솜 600P,"9,800","7,900",999+
바이오힐보,[NEW]바이오힐보 판테셀 리페어시카 거즈패드 80매+80매 기획,"44,800","28,800",999+
샤이샤이샤이,샤이샤이샤이 바나나 컨실 아이크림 15g,"26,000","17,820",999+
라보에이치,[1월 올영픽] 라보에이치 두피강화 앰플토닉 탈모증상완화 100ML(두피집중영양),"24,000","15,900",635
토리든,[1월 올영픽/대용량기획] 토리든 다이브인 저분자 히알루론산 토너 500ml 기획 (+화장솜 60매 증정),"29,000","19,800",999+
센카,[온라인 단독기획] 센카 퍼펙트 휩 페이셜 워시  120g* 3입 세트,"25,800","19,800",999+
박준뷰티랩,[대용량] 박준뷰티랩 LPP 단백질 헤어팩 트리트먼트 1000ml 2종 택1 (로맨틱 딜라이트/화이트머스크),"17,600","15,800",999+
라보에이치,[올영단독/대용량] 라보에이치 두피강화샴푸 탈모증상완화 750ML 리필 기획 (+600ML 리필),"57,900","37,800",999+
토리든,[1월 올영픽/단독기획] 토리든 셀메이징 저분자 콜라겐 탄력 크림 60ml 기획 (+탄력 크림 2ml*5ea),"30,000","19,500",157
유기농본,유기농본 울트라슬림날개 대형 28입/중형30입 2종 택 1,"11,600","8,400",999+
웨이크메이크,[1월올영픽][1+1기획] 웨이크메이크 스트롱 볼륨 래쉬 앰플 (단품/기획),"14,000","12,600",999+
코스알엑스,[단독 90매 대용량] 코스알엑스 원스텝 패드 90매 3종 중 택1,"19,000","13,900",999+
락토핏,[1월 올영픽]락토핏 골드 30포 (1개월분),"11,900","7,500",999+
페리페라,[힙행열차] 페리페라 워터베어틴트,"12,000","9,120",999+
앰플엔,[더보이즈 현재PICK]앰플엔 세라마이드샷 보습장벽앰플 100ml기획(+10ml),"18,900","15,200",999+
토리든,[단독기획] 토리든 다이브인 저분자 히알루론산 마스크 5+1매 기획,"15,000","9,000",999+
페리페라,페리페라 스피디 아이브로우 오토 펜슬,"4,000","3,200",999+
카이,"KAI 휴대용뷰러(핑크,실리콘타입)","10,500","9,900",999+
하트퍼센트,[New Color] 하트퍼센트 도트 온 무드 듀이 멜팅 립스틱 1.5g 6종 택1,"15,000","13,500",999+
미쟝센,[염색약1위] [블랙핑크PICK] 미쟝센 헬로버블 13컬러 및 더블기획 2종,"16,000","8,800",999+
려,[1월올영픽/고윤정PICK] 려 루트젠 여성맞춤 탈모전문케어 샴푸/샴푸기획 2종 택1,"17,900","14,900",999+
케어플러스,케어플러스 살리실산 트러블 패치 12매,"9,800","7,900",697
폰즈,폰즈 클리어 스파 립앤아이 리무버 (본품300ml+120ml),"32,900","18,100",999+
린제이,린제이 프리미엄 쿨티트리 모델링 팩 1Kg,"20,000","18,000",999+
딜라이트 프로젝트,[선물추천] 딜라이트 프로젝트 베이글칩 5종 컬렉션,"13,000","8,900",999+
리쥬란,[피부특화 DNA성분] 리쥬란 힐러 턴오버 액티브 크림 50ml 기획(+더마힐러 크림 10g 증정),"49,000","19,600",888
닥터지,[단독기획] 닥터지 레드 블레미쉬 클리어 모이스처 크림 70ml+30ml 기획,"39,000","29,250",718
쏘피,"쏘피 바디피트 볼록맞춤 4종 택 1 (중형16P, 대형16P, 슈퍼롱10P, 오버나이트12P)","6,600","3,300",999+
페리페라,[페리복권] 페리페라 하트잼 글로우 립,"11,000","8,800",311
라엘,라엘 유기농 순면커버 입는오버나이트 4P 2종 택1 (M/L),"7,400","5,500",999+
려,[1월 올영픽] 려 루트젠 탈모증상전문케어 두피에센스 80ML 더블기획,"39,800","21,900",402
키스미,[파우치증정] 키스미 스무스 리퀴드 라이너 슈퍼 킵,"18,000","13,500",999+
라운드랩,라운드랩 1025 독도 토너 (본품200ml+50ml 추가 증정),"15,000","13,500",999+
애프터블로우,[NEW]애프터블로우 솔리드 퍼퓸 4종 택1,"36,000","28,800",39
에스티로더,에스티 로더 갈색병 세럼 기획 (본품30ml+7mlx3개 기획),"124,000","105,400",999+
지베르니,[NEW기획세트 출시] 지베르니 밀착 커버 쿠션 (본품+리필/미니컨실러기획),"37,000","33,300",999+
바닐라코,[정한 PICK]바닐라코 클린잇제로 클렌징밤 포어클래리파잉 100ml,"20,000","13,300",999+
라이블링,"[1월 올영픽]라이블링 클렌즈, 그린케어 15ml*10포입 2종 택 1 (레몬맛/청사과맛)","11,900","8,460",473
넘버즈인,[탄력광채] 넘버즈인 3번 결광가득 에센스 토너 300ml 대용량 기획,"32,000","24,000",999+
스카이보틀,[1월 올영픽] 스카이보틀 퍼퓸 핸드크림 50ml 5종 택1,"12,000","7,900",999+
바닐라코,[NEW] 바닐라코 스머징 립 펜슬 0.8g / 5colors,"14,000","11,200",999+
노베브,[NEW컬러][재유 공동개발] 노베브 슬림 엣지 듀얼 아이라이너 5colors,"19,000","18,050",999+
코피코,마요라 코피코 커피맛캔디 블리스터 32g,"1,000",800,999+
드림웍스,드림웍스 아임더 리얼 슈렉팩 110g,"12,600","9,900",999+
라부르켓,[김우석PICK] [3만원이상 구매시 추가증정] 라부르켓 립밤 아몬드코코넛 14g,"22,000","17,900",42
바렌,바렌 발각질지우개 (미스트+풋파일),"14,900","13,900",999+
브이앤에이뷰티,[2023어워즈/100ml한정기획] V&A 미백광채앰플 (50ml+50ml 리필),"58,000","37,050",999+
뉴칸,뉴칸 더블파워 밀크씨슬+멀티비타민 30개입 (30일분),"128,000","99,000",25
온더바디,[마루는강쥐X온더바디] 온더바디 코튼풋 발가글하자 풋미스트 100ml,"11,900","5,950",18
라운드어라운드,[2023어워즈] 라운드어라운드 그린티 약산성 클렌징폼 200ml 더블 어워즈 한정기획,"27,000","17,500",999+
모레모,[1월 올영픽]모레모 리커버리밤B 120ml 클로버 에디션 기획(40ml 증정),"21,000","13,600",999+
grn+,[1월 올영픽]grn+ 벨리곰X슬림밸런스 분홍이/초록이 35일분 택 1,"44,000","19,900",999+
미쟝센,[2023어워즈] 미쟝센 퍼펙트 오리지널 세럼 110ML 더블 어워즈 한정기획(+세럼 30ML),"30,000","19,900",999+
릴리바이레드,릴리바이레드 무드 라이어 벨벳틴트,"13,000","9,500",999+
에스트라,에스트라 아토베리어365 바디로션 400ml,"33,000","26,400",999+
바이브랩,[홍현희PICK]바이브랩 리바이브 테라피 헤어 스칼프 앤 브로우 앰플,"24,000","22,800",322
클리오,[NEW] 클리오 크리스탈글램밤,"18,000","11,970",326
쉬크,쉬크 인튜이션 면도날 3입 4종 택1 (레몬베리/내추럴/코코넛/혼합),"14,900","11,900",999+
덴티스테,덴티스테 뉴 플러스화이트 치약 60g/100g/160g 3종 택 1,"6,900","5,400",999+
아크네스,[단독기획] 아크네스 3초 진정 패치 1+1기획 (72매+72매),"9,500","9,300",999+
구달,[1+1 기획] 구달 맑은 어성초 진정 무기자차 선크림 50ml 1+1 기획 SPF50+ PA++++,"20,000","17,100",999+
라로슈포제,[한정기획] 라로슈포제 에빠끌라 딥클렌징포밍크림 125ml 기획 (+에빠폼 15ml),"28,000","22,400",999+
바솔,바솔 이너밸런싱 포밍워시 150ml 티슈 5매 증정기획,"24,000","16,900",999+
코스알엑스,[총180매대용량] 코스알엑스 원스텝 오리지널 클리어 패드 더블 기획 (90매+90매),"32,000","25,600",999+
메디온,[이선빈Pick] 메디온 락토리메디 레이디스 이너 케어 젤 2.0 2종 택1 (5개입/10개입),"19,900","16,900",999+
제이준,[영양탄력] 제이준 콜라겐 스킨 핏 탄력 강화 마스크팩 1매,"3,900","1,300",47
메디힐,[스티커증정] 메디힐 블랙헤드 멜팅 클리어 코팩 4매 (빤쮸토끼 기획),"14,000","11,400",787
온더바디,온더바디 발팩하자 풋마스크 (2회분),"9,900","3,500",999+
미쟝센,미쟝센 살롱10 단백질 트리트먼트 에센스팩 990ml (손상/극손상) 2종 택1,"21,900","18,900",999+
바이오힐보,[NEW] 바이오힐보 판테셀 리페어시카 크림미스트 120mL(기획/단품),"18,000","12,600",999+
토니모리,[NEW] 토니모리 겟잇틴트 글레이즈밤 5종,"18,000","14,400",617
닥터브로너스,닥터브로너스 퓨어 캐스틸 솝 950ml 10종 택 1,"33,000","28,050",999+
3CE,[NEW컬러/민니PICK]3CE 멀티 아이 컬러 팔레트(단품/기획),"39,000","29,250",999+
웨이크메이크,[NEW/한정기획] 웨이크메이크 스트롱 블랙 틴팅 래쉬 앰플 (단품/기획),"14,000","12,600",49
헉슬리,헉슬리 퍼퓸 15ml 3종 중 택1,"48,000","41,040",999+
푸드올로지,[택연pick]맨올로지컷 1100mg*60정(10일분),"20,900","18,520",634
필리밀리,필리밀리 히팅뷰러 2종 택1 (충전타입/건전지타입),"22,900","17,600",999+
누즈,[NEW/블러셔]누즈 무스 케어 치크,"19,000","16,150",250
파파레서피,[온라인/단독기획]파파레서피 블레미쉬(광채) 효소 파우더 클렌저 더블 기획 세트(브러쉬+크림7ml 증정),"36,000","28,800",52
코링코,[단독]코링코 톡톡하라 필터 속눈썹 블랙 기획세트 9/10/11mm 120pcs,"12,000","9,600",999+
아벤느,아벤느 클리낭스 클렌징 젤 400ml *피지잡는 *약산성클렌저,"30,000","21,000",999+
넘버즈인,[탄력광채] 넘버즈인 3번 맑은결광 에센스 점보패드 70매 기획 (+10매 추가 증정),"26,000","18,200",999+
웨이크메이크,[1월올영픽] 웨이크메이크 워터 글로우 코팅 파운데이션 (브러시기획/단품),"38,000","28,500",215
오브제,[덱스 PICK]오브제 무드체인지 립밤 3g,"11,900","10,700",999+
비욘드,비욘드 엔젤아쿠아 수분 진정 크림 150ml 1+1 기획 (비건),"25,000","20,800",999+
츠바키,츠바키 프리미엄 EX 리페어 마스크 180g 더블기획,"34,200","23,900",999+
라운드랩,라운드랩 자작나무 수분 톤업 선크림 50ml 기획(클렌저 20ml 증정),"25,000","17,500",999+
리쥬란,[피부특화 DNA성분] 리쥬란 힐러 스킨 프로텍션 마스크 1매/5매,"28,000","14,000",999+
옵티프리,[증량] 옵티프리 익스프레스 (470mlx2+355ml),"17,900","15,200",999+
피지오겔,[한정기획] 피지오겔 데일리뮨 글로우 에센스 70ml+앰플4ml+마스크팩1매 증정 기획,"45,000","39,900",723
삐아,[하이라이너 증정 기획] 삐아 라스트 오토 젤 아이라이너 기획/단품,"9,000","7,900",999+
그로우어스,그로우어스 데미지 테라피 샴푸 500ml 기획(+크림트리트먼트 21ml 증정),"26,000","23,400",999+
홀리카홀리카,홀리카홀리카 마이페이브 무드 아이팔레트,"28,000","19,950",999+
메디힐,[단독기획] 메디힐 티트리 에센셜 마스크 10+1매 기획,"20,000","10,000",999+
덴티스테,덴티스테 후레쉬 브레스스프레이 택1 (3개입/6개입),"25,900","18,340",999+
유세린,유세린 하이알루론 3X 아이 크림 15ml,"49,000","39,200",999+
바이탈뷰티,[파우치증정]바이탈뷰티 메타그린 슬림업 X포차코 기획세트,"36,000","27,000",999+
아이소이,"[단독기획] 아이소이 속보습, 100시간 장수진 수분크림 70ml+15ml 기획","36,000","27,000",999+
지베르니,[리뉴얼] 지베르니 밀착 커버 파운데이션,"33,000","26,900",999+
페리페라,페리페라 올테이크 무드라이크 팔레트,"28,000","22,400",999+
웨이크메이크,[브러시기획] 웨이크메이크 믹스 블러링 볼륨 하이라이터 2COLOR (기획/단품),"17,000","14,400",999+
조선미녀,조선미녀 산들쑥선스틱 18g,"18,000","14,400",59
라운드랩,라운드랩 포 맨 자작나무 토너/로션 200ml 2종세트 (쉐이빙폼 40ml증정),"42,000","31,500",999+
센시안,[이선빈PICK] 센시안 압박밴드 택1(릴렉스/워크/나이트케어) (의료기기),"21,900","17,900",999+
해서린,"해서린 스팟케어 패치 단품 (노란스팟, 붉은스팟)","3,000","2,200",999+
웰라쥬,[단독기획] 웰라쥬 리얼 히알루로닉 100 크림 50ml 1+1 기획,"39,000","25,900",999+
토리든,[단독기획] 토리든 밸런스풀 시카 진정 세럼 50ml 기획(+밸런스풀 크림 20ml),"23,000","16,100",999+
달바,[이효리PICK][내 맘대로 DIY] 달바 화이트 트러플 더블 세럼 앤 크림 70g,"78,000","46,800",812
바이오더마,바이오더마 센시비오 H2O 500ml (펌프형),"29,000","21,750",999+
라보에이치,라보에이치 두피강화(페어앤프리지아/블랑쉬앤우디)기획,"19,800","13,900",999+
라운드랩,라운드랩 1025 독도 로션 400ml 대용량,"39,000","25,600",999+
클리오,[NEW 붕세권 에디션] 클리오 쉬폰블러틴트,"18,000","11,970",999+
SNP,SNP 골드 콜라겐 퍼펙션 아이패치 60매,"23,000","18,400",999+
릴리바이레드,릴리바이레드 나인투나인 서바이벌 펜라이너,"12,000","9,000",999+
더마토리,[혜림쌤 PICK] 더마토리 시카 거즈 패드 80매 (수분/진정),"26,000","18,200",999+
더블유드레스룸,W.DRESSROOM 퍼퓸 핸드크림 50ml 8종,"7,900","5,500",999+
아누아,[증량] 아누아 어성초 77 토너 500ml,"45,000","30,000",999+
티스,[블랙헤드쏙]티스 딥 오프 클렌징 오일 320mL,"18,000","13,500",999+
딜라이트 프로젝트,딜라이트 프로젝트 쫀득한 복숭아말랭이 125g 어워즈 한정 기획 (2023),"7,600","5,800",999+
어뮤즈,[장원영틴트] 어뮤즈 젤핏 틴트,"20,000","18,050",999+
메이크프렘,[단독기획]메이크프렘 세이프 미 릴리프 모이스처 비건 클렌징오일 리필기획 (210ml+100ml 증정),"28,000","21,000",999+
넘버즈인,[흔적미백] 넘버즈인 5번 글루타치온C 흔적 필름패드 70매 기획(+6매 추가 증정),"28,000","21,000",999+
퓌,[파우더증정] 퓌 쿠션 스웨이드 미니파우더 증정기획 (본품+리필+미니파우더),"35,000","21,000",999+
바른생각,[단독기획] 바른생각 젤 150ml (+50ml) 2종 택 1 (젤 스탠다드 / 젤 내추럴 수딩),"15,900","14,900",999+
온더바디,[화제의아이템] 온더바디 발을씻자 코튼 풋샴푸 대용량 510ml 3종(레몬/자몽/쿨링) 택1,"13,800","6,600",999+
이즈앤트리,[흔적패드] 이즈앤트리 어니언 뉴페어 클리어 패드 60매 (+20매 리필 증정기획),"26,000","17,900",999+
메디힐,메디힐 비타 에센셜 마스크 10매입,"20,000","10,000",999+
닥터지,닥터지 그린 마일드 업 선 플러스 기획(50ml+20ml),"29,000","24,650",999+
라로슈포제,라로슈포제 에빠끌라 울트라 컨센트레이티드 세럼 30ml 기획 (+에빠끌라폼15ml+유비데아 톤업클리어 2ml),"48,000","36,000",442
티타드,티타드 프레시 브레스 플러스 치약 100g 기획(+20g 증정),"11,000","9,900",999+
스트라이덱스,[고우림 PICK] 스트라이덱스 약알칼리성 바하 폼클렌저 기획 (150ml+15ml),"9,900","6,390",999+
아이디얼포맨,[온라인단독/더블기획]아이디얼 포맨 퍼펙트 올인원 스페셜 기획(150ml+150ml+20ml+클렌징폼(20ml)),"48,000","29,000",999+
쉬크,쉬크 인튜이션 제모기(기+날2입) 2종 택 1,"15,900","12,900",999+
유시몰,[한정기획] 유시몰 화이트닝 미백치약 106g+20g (가글 9ml 추가 증정 기획),"16,900","12,900",999+
어노브,어노브 딥 데미지 리페어 샴푸 500g (단백질 앰플 샴푸),"18,000","14,900",999+
레이비,레이비 바디로션 350ml 3종 택1,"13,900","10,900",999+
바닐라코,[쩡유 공동개발] 바닐라코 쉬어 벨벳 베일 틴트 4.2g,"16,000","12,800",999+
아비브,[2023어워즈] 아비브 어성초 카밍 토너 스킨부스터 더블 기획 (200ml+200ml),"39,000","23,900",999+
아비브,[1월 올영픽] 아비브 콜라겐 겔 마스크 부활초 젤리 4매 기획,"20,000","11,000",999+
테라브레스,[2023 어워즈] 테라브레스 오랄린스 마일드민트 1L 어워즈 한정기획 (+150ml 증정),"22,900","20,100",999+
라네즈,[단독 기획] 라네즈 워터 슬리핑 마스크 70ml 기획(+30ml+시슬마10ml),"34,000","23,800",999+
얼터너티브스테레오,[NEW] 얼터너티브스테레오 립 포션 아쿠아 글로우,"19,000","17,100",999+
일소,"[로운PICK] 일소 슈퍼 멜팅 세범 소프트너 150ml 기획 (+솜 40매 증정,피지연화제)","21,000","16,900",616
릴리바이레드,릴리바이레드 스키니메스 브로우 펜슬,"8,000","6,000",999+
이너시아,이너시아 유기농 생리대 번들팩 4종 택 1(중형 24P/ 대형 24P/ 중형+대형48P/ 라이너54P),"8,500","8,100",999+
라로슈포제,라로슈포제 히알루 B5 세럼 기획 (세럼 30ml+1.5ml+똘러리앙로션15ml),"54,000","43,200",999+
롬앤,롬앤 한올 플랫 브로우,"11,000","7,900",999+
CKD,[은또PICK/4+1] CKD 레티노콜라겐 저분자300 모공탄력 마스크 4+1 기획,"20,000","12,260",999+
브링그린,[NEW]브링그린 티트리시카수딩토너 500mL한정기획(+100mL증정),"27,000","19,440",999+
리쥬란,[8주만에 피부나이 -4살] 리쥬란 바이옴 힐러 유스 포뮬러 앰플 30ml 기획,"63,000","42,500",197
메디큐브,[유재석 PICK] 메디큐브 제로 모공 패드 2.0 70매,"24,000","22,800",999+
씨퓨리,[수지 PICK / 5종임상] 씨퓨리 닥터33 탈모앰플 20ml,"24,900","22,800",114
식물나라,[대용량] 식물나라 제주탄산수 퀵 립앤아이리무버 300ml,"16,000","8,900",999+
더마토리,[70매+70매 한정기획] 더마토리 프로 트러블 모공 패드 총 140매 리필기획,"39,000","27,300",999+
브링그린,[백현클렌징폼] 브링그린 뱀부차콜모공정화클렌징폼200mL더블기획,"19,000","13,900",999+
웨이크메이크,[컨실러펜슬기획] 웨이크메이크 디파이닝 커버 컨실러 6COLOR (기획/단품),"14,000","11,900",999+
페리페라,페리페라 스피디 스키니 브로우 마스카라,"8,000","7,600",999+
정샘물,정샘물 에센셜 물 마이크로 피팅 미스트 55ml,"20,000","19,000",210
해피문데이,해피문데이 이지 탐폰 3종 택 1 (라이트 / 레귤러 / 슈퍼),"5,500","4,900",999+
릴리바이레드,[글리터 한정기획] 릴리바이레드 무드키보드 8colors (기획/단품),"27,000","18,900",999+
성분에디터,성분에디터 그린토마토 포어 리프팅 앰플 토너 350ml+100ml 기획,"21,000","18,900",742
클리오,클리오 킬커버 하이 글로우 쿠션(본품+리필 기획),"36,000","27,000",999+
3CE,[민니PICK] 3CE 헤이지 립 클레이,"20,000","16,000",999+
페리페라,[약과몰입] 페리페라 맑게 물든 선샤인 치크,"8,000","6,400",999+
웨이크메이크,[리뉴얼/1+1기획] 웨이크메이크 철벽 브러쉬 아이라이너 3COLOR 1+1 기획 / 단품,"13,000","11,700",999+
라운드랩,[NEW] 라운드랩 소나무 진정 시카 마스크 1매,"3,000","1,500",999+
프리메라,프리메라 알파인 베리 워터리 크림 50ml 단품/기획 택1,"41,000","32,800",999+
아이소이,아이소이 불가리안 로즈 립 트리트먼트 밤 2종 택1,"19,800","15,800",999+
에뛰드,[NEW컬러] 에뛰드 글로우 픽싱틴트,"14,000","11,200",999+
릴리바이레드,릴리바이레드 쥬시 라이어 워터틴트(AD) 4.8g,"13,000","9,500",999+
듀오,"듀오 퀵셋 속눈썹 접착제 14g ( 다크, 클리어 ) 튜브 타입 택 1","19,000","15,200",999+
루톤,루톤 여성 두피용 알파에르겐 탈모샴푸 500ml+70ml 증정기획,"31,000","25,800",999+
로레알,[한소희Pick]로레알파리 토탈리페어5 트리트먼트 헤어팩 4종 택1,"33,900","23,300",999+
유리아쥬,유리아쥬 제모스 토너 (본품500ml+250ml 추가 증정),"43,000","39,900",999+
정샘물,정샘물 스킨 누더 커버 레이어 쿠션(본품+리필),"42,000","39,900",999+
필리밀리,필리밀리 세라믹바디괄사(파우치 포함),"18,900","17,900",999+
티젠,[단독기획] 티젠 콤부차 30T 10종 택1,"19,500","12,900",999+
페리페라,페리페라 잉크더벨벳AD,"10,000","8,000",999+
카밀,[NEW] 카밀 핸드앤네일 로션 클래식 125ml,"8,900","4,900",999+
시루콧토,시루콧토 우루우루 40매 4개입/ 7개입 기획 택 1,"12,900","10,900",999+
뉴칸,[1월 올영픽]뉴칸 더블파워 밀크씨슬+멀티비타민 7개입 (7일분),"34,000","25,500",999+
눅스,[1월올영픽/소의튜브PICK] 눅스 윌 프로디쥬스 멀티 드라이 오일 100ml 기획 (+프리미엄 우드 괄사),"52,000","39,500",407
마녀공장,[더블기획] 마녀공장 비피다 바이옴 콤플렉스 앰플 30ml X2 기획,"43,000","25,440",999+
라보에이치,라보에이치 탈모증상완화 샴푸 두피강화 (333ml+50ml),"19,800","14,900",999+
에스쁘아,[증량기획] 에스쁘아 워터 스플래쉬 선크림 세라마이드 60ml (+20ml 추가 증정),"22,000","17,600",999+
달바,[국민미스트 진정 VER] 달바 화이트 트러플 바이탈 스프레이 세럼 100ml,"29,000","20,900",999+
힐링버드,[트와이스 나연PICK] 힐링버드 노워시 트리트먼트 오리지널 200ml+데미지 트리트먼트 100ml 한정 기획,"27,000","17,500",999+
메디힐,메디힐 WHP 미백수분 블랙마스크 EX,"3,000","1,500",999+
박준뷰티랩,[전문가용]박준뷰티랩 익스트림 매트 하드 헤어왁스 120g,"15,000","7,800",673
브링그린,브링그린 모이스처모먼트 핸드크림 30ml 6종 택1,"4,300","2,400",999+
포맨트,[1등 향수]포맨트 시그니처 퍼퓸 50ml 2종 택1 (코튼키스/코튼허그),"39,000","37,000",999+
인클리어,[의료기기] 인클리어 질세정기 단품/기획 3종 중 택 1 (3P/10P/9+3P 기획),"26,900","22,400",999+
바솔,바솔 이너밸런싱 포밍워시 150ml + 150ml 증정 기획,"36,000","25,000",999+
스튜디오17,스튜디오17 메이크업 브러쉬(19종 중 택1),"3,200","2,700",999+
넘버즈인,[수분진정] 넘버즈인 1번 청초 진정맑은 물막선크림 50ml+50ml 듀오기획 (SPF50+PA++++),"26,000","24,700",999+
토코보,토코보 비타 글레이즈드 립 마스크 20ml,"20,000","17,000",999+
센텔리안24,[최신상크림]센텔리안24 마데카 크림 타임 리버스 50ml,"38,000","17,000",18
더마틱스울트라,[의료기기] 더마틱스 스카플러스 스틱 5g 2종 (더블기획/단품),"23,900","16,730",999+
키스미,[초슬림 브러시/리뉴얼] 키스미 히로인메이크 마이크로 마스카라 어드밴스드 필름 N 4.5g,"22,000","14,300",999+
덴프스,[1월 올영픽]덴프스 덴마크 유산균이야기 30캡슐(1개월분),"23,000","16,900",541
브이앤에이뷰티,[앰플증정기획]V&A 미백보습크림 (50ml+20ml앰플),"62,000","37,910",703
라운드랩,[2023어워즈/4년연속] 라운드랩 1025 독도 토너 500ml 어워즈 한정기획(+크림50ml+패드10매),"45,000","29,800",999+
종근당건강,프로메가 알티지 오메가3 듀얼 40 캡슐 더블 기획세트 (40일분),"29,800","19,900",676
에스쁘아,[장이나 PICK/단독기획] 에스쁘아 비벨벳 플루이드 파운데이션 컨실러 증정 기획(본품 30g+컨실러 정품),"37,000","29,600",798
필리밀리,필리밀리 앞머리 헤어롤,"3,000","2,800",999+
리얼베리어,[대용량/단독기획] 리얼베리어 익스트림 크림 70ml+30ml 기획,"38,000","29,500",999+
모레모,[1월 올영픽]모레모 워터 트리트먼트 미라클 10 480ml 클로버 에디션 기획(90ml 증정),"49,000","23,900",999+
키스미,[한정수량] 키스미 히로인메이크 스피디 마스카라 리무버 더블 기획,"26,000","16,380",999+
우르오스,우르오스 올인원 200ml 2종 택 1,"29,700","23,700",999+
홀리카홀리카,[깡나PICK] 홀리카홀리카 하트크러쉬 베어 글레이즈 틴트,"14,000","9,800",78
셀리맥스,셀리맥스 어성초 바하 지우개 필링 패드 60매,"17,000","11,500",999+
VDL,VDL 엑스퍼트 컬러 프라이머 포 아이즈,"16,000","13,600",999+
아누아,아누아 어성초 77토너 + 어성초 70 로션 듀오 기획세트,"49,700","36,700",999+
딥트3일,"[1월 올영픽][주현영, 이나연 찐템]딥트 3일 애플번 30정 (15일분)","43,000","36,700",102
리파,[엔믹스 Pick] 리파 하트 브러시 7종 택1,"29,800","28,900",999+
그로우어스,그로우어스 씨솔트 테라피 샴푸 500g 기획(+ 샴푸 21g 증정),"26,000","23,400",776
키스미,[NO.1 마스카라] 키스미 히로인메이크 마스카라 EX (롱/볼륨),"18,000","13,500",999+
좋은느낌,좋은느낌 유기농 입는 무표백 오버나이트 2종 택 1 (M / L 4P),"10,700","9,630",999+
셀퓨전씨,[베스트/밀착톤업] 셀퓨전씨 토닝 썬스크린 100 50ml 기획(쿨링패드 2매입*2),"39,000","16,000",999+
바티스트,바티스트 드라이샴푸 50ml/200ml 11종 택 1,"7,500","5,900",999+
세타필,세타필 모이스춰라이징 로션 500ml 기획 (크림 85g 증정),"18,200","15,900",999+
유리아쥬,유리아쥬 진피 마일드 젤 200ml+50ml 증정 기획,"21,000","18,900",999+
푸드올로지,[서현Pick]콜레올로지 티 하비탈출 15포 (15일분),"35,800","28,300",616
필리밀리,필리밀리 미니 메이크업 브러시세트 (5종),"23,000","18,800",999+
포엘리에,포엘리에 이너퍼퓸 9종 택 1,"15,900","11,130",999+
메디큐브,메디큐브 제로 모공 패드 마일드 70매,"24,000","22,800",459
갸스비,갸스비 수퍼하드 셋&킵 스프레이 263ml+263ml,"13,700","13,000",275
고려은단,고려은단 비타민C1000 이지+비타민D 120정 (60일분),"13,000","10,900",999+
프로티원,[보틀증정] 프로티원 단백질쉐이크 4종 택1 490g (1ea/2ea),"29,900","26,910",137
에스트라,에스트라 에이시카365 소프트 진정 팩 패드 60매,"28,000","22,400",999+
VDL,VDL 컬러 코렉팅 프라이머,"23,000","18,400",934
스킨앤랩,[지안씨 Pick]스킨앤랩 베리어덤 인텐시브 크림 50ml 기획 (+ 크림 30ml 증정),"23,000","18,400",999+
닥터지,닥터지 레드 블레미쉬 클리어 퀵 수딩 패드 더블 기획세트(70매+70매),"50,000","35,000",999+
라운드어라운드,라운드어라운드 편백 클린 스프레이 골라담기,"18,000","10,900",999+
저스트에즈아이엠,[2023어워즈/윤그린PICK] 아이엠 샴푸 인텐시브 스칼프 케어 기획세트 1종/480ml 3종/700ml 2종 택1),"37,000","29,600",999+
라네즈,[1월올영PICK/선착순워터뱅크4종키트] 라네즈 워터뱅크 인텐시브 크림 45ml 배드블루 콜라보 기획,"39,000","27,500",81
메디힐,메디힐 콜라겐 에센셜 마스크 1매,"2,000","1,000",999+
해피바스,[비건] 해피바스 오리지널 컬렉션 바디워시 910G 7종 택1,"9,900","8,500",999+
한율,한율 달빛유자 수면팩 70ml (+35ml 증정기획),"34,000","27,200",999+
아크로패스,아크로패스 트러블큐어 6매,"9,800","8,800",999+
바이탈뷰티,바이탈뷰티 메타그린 슬림업 30일분,"36,000","27,000",999+
클리오,[NEW] 클리오 킬커버 스킨 픽서 쿠션,"36,000","27,000",242
화이트,화이트 순한순면 라이너 4종 택 1 (일반 / 롱 / 수퍼롱),"5,900","3,250",999+
아누아,[단독기획] 아누아 어성초 80 수분 진정 앰플 기획 (30ml+15ml),"29,000","21,500",999+
베네피트,[태연 Pick] 베네피트 틴트 6종 택1 (차차틴트 외),"31,000","26,350",999+
오킵스,[극강보습] 오킵스 워킹핸즈 핸드크림 자(96g)/튜브(85g) 택1,"13,000","8,300",999+
오설록,오설록 20입 티백 5종 택 1,"9,500","7,000",445
바이오더마,[온라인몰 단독기획]바이오더마 하이드라비오 세럼 더블기획(40ml+40ml),"52,000","44,200",999+
후시다인,[안다 PICK]후시다인 더마 트러블 밸런싱 세럼 40g,"35,000","26,250",999+
팁토우,[한정기획/윈터트리오세트] 팁토우 컬러 네일 48종,"13,000","11,050",999+
넘버즈인,[단독기획] 넘버즈인 2번 딥클린 생크림 클렌징폼 더블 기획 (120ml+120ml),"14,000","9,900",999+
보로탈코,[1월 올영픽/단독기획] 보로탈코 크레마 벨루탄테 크림 30ml 더블 기획 (30ml+30ml),"15,000","9,900",999+
포맨트,포맨트 시그니처 코튼 스프레이 200ml (코튼허그),"23,000","21,000",271
어노브,어노브 볼륨 업 컬링 에센스 147ml (수분 컬크림),"16,000","14,200",999+
아벤느,[올리버쌤PICK]아벤느 제라캄 뉴트리션 로션 400ml 한정기획 (+200ml) (와다다곰 콜라보),"53,200","33,100",999+
좋은느낌,좋은느낌 입는 데이팬티 2종 택 1 (중형 / 대형 4P),"9,600","8,160",550
에스트라,에스트라 테라크네365 클리어 딥 클렌징 폼 200g,"23,000","20,700",999+
그로우어스,그로우어스 씨솔트 테라피 두피스케일러 대용량 250g+30g 증정기획,"27,000","25,700",999+
브링그린,[더블기획] 브링그린 티트리시카트러블클렌징폼 200mL더블기획_NEW,"19,000","13,900",999+
아이소이,아이소이 BR 블레미쉬 케어 업 세럼 더블기획 (20ml+20ml),"54,000","43,200",999+
아비브,[1월 올영픽] 아비브 부활초 콜라겐 패드 퍼밍 터치 60매 기획 (+10매 추가 증정),"24,000","16,800",65
티트리트,티트리트 푸룬딥스트롱 180ml,"4,500","3,600",999+
러븀,러븀 포어 리셋 머드 마스크 5매입,"25,000","16,700",258
아벤느,아벤느 이드랑스 에센스인로션 200ml 한정기획 (+젠틀토닝로션 200ml),"49,000","32,200",863
퓌,퓌 올트임 듀얼라이너,"17,000","13,600",999+
아누아,아누아 어성초 77 진정 마스크 1매,"4,000","2,000",999+
커리쉴,[1월올영픽/실키오일세럼13ml증정]커리쉴 실키 오일 세럼 70ml,"25,000","20,000",999+
더마비,더마비 데일리 모이스처 바디로션 더블 기획 (500ml+500ml),"39,000","24,900",999+
파넬,파넬 시카마누 약산성 바디미스트 150ml,"23,000","19,900",999+
라로슈포제,라로슈포제 NEW 시카플라스트 밤B5+ 40ml,"25,000","19,900",999+
프롬잇,프롬잇 프로틴칩 6종 택1,"2,700","2,500",999+
라우쉬,라우쉬 샴푸 200ml 8종 택1 (스위스허벌/윌로우바크/콜츠푸트/씨위드/멜로우/아보카도/에그오일),"26,000","21,500",999+
메디힐,메디힐 캡슐100 바이오 세컨덤 수분 하이드로 1매,"5,000","2,500",999+
비페스타,비페스타 클렌징오일 브라이트닝 230ml (각질&블랙헤드 제거),"16,000","10,900",999+
반디,[다영PICK] 반디 핑크다이아 손톱영양제 증정기획,"20,000","16,000",999+
릴리바이레드,릴리바이레드 앙큼라이어 코팅틴트(AD) 4g,"13,000","9,030",999+
인터미션,[고이진 PICK] 인터미션 레스트 업 세럼 크림 70ml,"28,900","24,500",94
포지타노,포지타노 레몬캔디 200g,"8,900","7,400",999+
아비브,아비브 약산성 pH 시트 마스크 아쿠아 핏 1매,"4,000","2,400",999+
토리든,[단독기획] 토리든 다이브인 저분자 히알루론산 크림 80ml 기획(+크림 20ml 추가증정),"21,000","15,700",999+
온더바디,[마루는강쥐X온더바디] 온더바디 코튼풋 발각질팩하자 풋필링팩 2개입 (1회분),"9,900","5,950",None
센트룸,[1월 올영픽]센트룸 멀티비타민 50정 우먼/맨 중 택 1 (50일분),"27,000","24,000",999+
클리오,클리오 킬커버 파운웨어 파운데이션,"34,000","23,800",999+
에이지투웨니스,[수영PICK 커버 새틴 미니 쿠션 증정]AGE20S 노블 커버 새틴 쿠션(본품+리필),"38,000","30,400",504
바닐라코,바닐라코 얼티밋 화이트 쿠션 모이스처 (본품+리필),"38,000","30,400",941
클리오,[단독기획] 클리오 수퍼프루프 브러쉬 라이너 기획 (립앤아이리무버미니 증정),"18,000","12,600",999+
미쟝센,미쟝센 살롱10 단백질 샴푸990ml(손상/극손상)2종 택1,"21,900","18,900",999+
생활약속,[단독기획]생활약속 기분전환 알파플러스 (본품10포+1포 추가 증정),"18,000","15,300",999+
달바,[촘촘 수분팩] 달바 화이트 트러플 너리싱 트리트먼트 마스크 5매,"25,000","12,500",999+
닥터지,[NEW] 닥터지 레드 블레미쉬 클리어 수딩 토너 300ml+300ml 듀오기획,"46,000","39,900",999+
디어스킨,[윤다영PICK]디어스킨 에어엠보 7종 택 1 (생리대 / 라이너 / 오버나이트),"6,900","6,210",999+
가히,가히 멀티밤 리필형 기획 (본품1개+리필1개),"49,000","39,800",999+
필리밀리,[레오제이 공동개발]필리밀리 쉐딩브러시 3종(코/턱/헤어라인),"9,500","8,200",999+
웨이크메이크,웨이크메이크 네일케어 핑크영양제 2종 택1,"5,000","4,500",999+
아베다,아베다 스칼프솔루션 리플레니싱 컨디셔너 1000ml,"220,000","187,000",None
라운드랩,[대용량] 라운드랩 1025 독도 클렌저 200ml 더블기획,"28,000","23,200",698
라네즈,라네즈 네오 파우더 7g,"20,000","15,000",999+
컬러그램,컬러그램 밀크 영롱 섀도우 7 COLOR,"9,800","8,300",999+
포맨트,포맨트 시그니처 올인원 에센스 96ml,"28,900","23,100",383
필리밀리,필리밀리 메이크업브러시클렌저,"7,500","6,700",957
라타플랑,라타플랑 미나리 진정 수분크림 75ml,"24,000","18,240",861
유기농본,유기농본 울트라슬림 팬티라이너 3팩 2종 택 1 (일반 34P / 롱 28P),"12,900","9,900",999+
오센트,오센트 퍼퓸샤쉐 대용량 기획 2종 중 택 1(포레스트 기획 / 러브 기획),"14,000","9,900",999+
토니모리,[단독기획] 토니모리 원더 세라마이드 모찌 토너 (본품500ml+100ml),"15,000","12,000",999+
리쥬란,[리쥬란 독자소재_저자극 안심성분] 리쥬란 더마힐러 모이스처 트리트먼트 마스크팩 5매 (온),"28,000","14,600",183
데이지크,[NEW컬러] 데이지크 프루티 립잼 4g 13종 택1,"17,000","11,900",999+
블리브유,[NEW] 블리브유 더 리얼 비타 C 20 앰플 12ml,"32,000","22,410",85
비판톨,[디렉터파이 PICK] 비판톨 더마 바디로션 400ml,"28,000","22,400",465
웨이크메이크,웨이크메이크 벨벳 블러링 매트 스틱 10COLOR,"18,000","14,400",999+
바닐라코,[재출시] 바닐라코 볼륨 립 플럼퍼 3.8g (맥시/라이트 택1),"16,000","14,400",942
반디,반디 네일큐어 단단강화제&단백질영양제,"15,000","12,000",999+
아이오페,아이오페 맨 올데이 퍼펙트 올인원 120ml 기획(+30ml 증정),"38,000","28,500",332
어노브,[2023어워즈]어노브 딥 데미지 트리트먼트 EX 320ml 어워즈기획(텐더블룸320ml+웜페탈320ml+샴푸52ml),"42,000","28,500",999+
젬소,[리뉴얼]젬소 아이래쉬 앤 아이브로우 멀티액티브 세럼,"40,900","38,000",430
라운드랩,라운드랩 자작나무 수분 패드 (본품80매+10매 추가 증정),"25,000","17,500",999+
바디판타지,바디판타지 바디스프레이 골라담기 (94ml / 기획세트),"8,900","6,900",999+
라보에이치,라보에이치탈모증상완화샴푸 두피강화 리필팩 333ml*2입기획,"27,900","21,900",999+
일리윤,[1월 올영픽] 일리윤 울트라 리페어 로션 600ML(올영 단독용량),"33,900","21,900",999+
케어플러스,케어플러스 스팟커버 패치 카밍 96매,"7,200","6,160",999+
스킨1004,[리프세이프]스킨1004 마다가스카르 센텔라 히알루-시카 워터핏 선 세럼 50ml,"19,000","14,000",410
스킨푸드,[피지쓱싹] 스킨푸드 미나리 클리어 패드 60매,"26,000","17,290",999+
메디힐,[NEW] 메디힐 대나무 숯 4D 블랙 마스크 1매,"3,000","1,500",999+
셀퓨전씨,셀퓨전씨 레이저 리쥬버네이션 크림 (본품 50ml+20ml 추가 증정),"40,000","28,000",999+
라로슈포제,라로슈포제 유비데아 안뗄리오스 톤업 선크림 30ml 기획 (클리어 / 로지 택1),"35,000","28,000",999+
닥터포헤어,[5년연속어워즈수상]닥터포헤어 폴리젠 샴푸 750ml 어워즈 기획(바이오-3 샴푸100ml*2+씨솔트 스케일러50g),"38,000","27,900",999+
에뛰드,[리뉴얼] 에뛰드 피지쏙파우더,"8,000","6,000",999+
필리밀리,필리밀리 투명한 속눈썹 접착제 7g,"6,000","4,800",246
푸드올로지,[서현Pick]콜레올로지 600mgX60정(1개월분),"45,800","36,950",790
니베아,니베아 SOS케어 바디로션 더블 기획 (400ml+400ml),"19,800","16,900",999+
유시몰,[한정기획] 유시몰 치약 106g 더블기획 (106g+106g+스퀴저),"18,900","16,900",999+
오센트,오센트 퍼퓸샤쉐 4종/에어퍼퓸 3종 택1,"7,000","5,600",999+
쏘내추럴,쏘내추럴 올 데이 메이크업 픽서 75ml 기획(+15ml 젤 픽서),"18,000","13,500",999+
구달,구달 청귤 비타C 잡티케어 세럼마스크 4매입,"8,000","7,200",999+
아비브,[1월 올영픽] 아비브 어성초 카밍 토너 스킨부스터 500ml 기획 (+화장솜 30매 증정),"45,000","27,000",999+
그로우어스,그로우어스 데미지 테라피 헤어 크림 트리트먼트 220ml 기획(+크림트리트먼트 21ml 증정),"22,000","20,900",327
리얼베리어,[온라인단독] 리얼베리어 익스트림 크림 65ml 기획세트(+25ml),"38,000","26,900",999+
닥터텅스,닥터텅스 스마트 치실 (색상 랜덤배송),"6,000","5,600",999+
바이오더마,바이오더마 시카비오 포마드 40ml,"25,000","16,250",999+
유시몰,[2023 어워즈] 유시몰 화이트닝 미백치약 106g 한정기획 (+화이트닝 칫솔 증정),"15,900","12,900",999+
클리오,클리오 프리즘 하이라이터 듀오,"23,000","16,100",999+
Y.N.M,[강지영 추천템] YNM 허니 립밤 4종 택1,"12,000","8,400",999+
락토핏,[2023어워즈/한정기획] 락토핏 골드 30포 더블기획 (+10포 증정) (70일분),"27,800","15,900",999+
그린몬스터,[SINCE 1997] 그린몬스터 헐리우드48시간 원조 비건 클렌즈 947ml,"35,000","26,000",999+
라운드랩,라운드랩 1025 독도 토너+로션기획 (토너 200ml+로션 200ml),"32,000","26,000",999+
실크테라피,[한정기획] 실크테라피 에센스 145KIT(130+15) 3종 택1 (손상/극손상용),"37,000","25,900",848
메디힐,메디힐 워터마이드 에센셜 마스크 10매입,"20,000","10,000",999+
마녀공장,마녀공장 퓨어 클렌징 오일 200ml,"19,900","15,500",999+
마녀공장,마녀공장 허브 그린 클렌징 오일 200ml+ 약산성 소다폼 (20ml+20ml),"19,900","15,500",999+
라네즈,라네즈 네오 쿠션 글로우 15g,"30,000","25,500",155
티트리트,[1월 올영픽]티트리트 여우티 11T+11T,"13,200","9,900",999+
라네즈,[특별기획] 라네즈옴므 크림 스킨 옴므 올인원 150ml 기획(+25ml+25ml),"28,000","19,600",924
마몽드,[1초 아이돌 마스크] 마몽드 로즈 +PHA 리퀴드 마스크 80ml 기획 (+토너패드 30매 증정),"28,000","19,600",999+
베네피트,베네피트 프리사이슬리 마이 브로우 펜슬,"40,000","34,000",999+
다슈,다슈 데일리 볼륨업 컬크림 150ml (볼륨컬링 스타일링),"15,000","9,800",999+
메이블린,[오예주PICK]메이블린뉴욕 얼티매트 립스틱 10colors,"14,000","9,800",999+
로벡틴,[진정/각질] 로벡틴 닥터마스크 시카 1매,"4,000","2,000",999+
메디힐,[NEW]메디힐 NMF 누드 겔 마스크 1매,"4,000","2,000",999+
아베다,아베다 스칼프솔루션 밸런싱 샴푸 1000ml,"192,000","163,200",None
세노비스,세노비스 밀크씨슬 60캡슐 (2개월분),"40,000","25,000",999+
가히,[김고은 Pick] 가히 멀티밤,"37,800","24,900",999+
바이탈헬스,바이탈헬스 바이탈슬림 다이어트 올인원 데이 20포 (10일분),"29,900","19,120",531
AHC,AHC 허브솔루션 위치하젤 토너 500ml,"15,000","11,900",70
종근당건강,종근당건강 프로메가 오메가3 트리플 60캡슐 (장용성) (1개월분),"14,900","11,900",999+
아로마티카,"아로마티카 퓨어앤소프트 여성청결제 170ml 2종 택1(기획세트, 단품)","19,000","13,300",999+
케어플러스,케어플러스 상처커버 스팟패치 빅(BIG) 81매,"6,500","6,000",999+
일리윤,[재구매1위] 일리윤 세라마이드 아토 집중크림 150ml +150ml 더블 기획,"25,500","18,900",999+
피지오겔,[한정기획] 피지오겔 DMT포맨 증정 기획세트 2종 (플루이드 or 크림),"65,000","32,900",999+
이브로쉐,[증량] 이브로쉐 모링가 리프레시 헤어식초 400ml (두피 진정/딥클렌징),"17,500","14,500",999+
헤트라스,[1+1] 헤트라스 프리미엄 대용량 디퓨저 플라워샵향 500ml 2개입,"18,900","18,500",299
라네이처,좋은느낌 라네이처 생리대 8종 택 1 (중형 / 대형 / 수퍼롱 / 라이너),"16,900","9,300",736
누즈,[NEW]누즈 무스 립추얼,"17,000","14,450",321
라로슈포제,라로슈포제 시카플라스트 로션 B5 판테놀 시카에센스 토너 200ml,"32,000","24,000",999+
파티온,[5겹장벽크림] 파티온 노스카나인 트러블 크림 45ml,"32,000","24,000",999+
그레인온,[관종언니 이지혜 Pick] 그레인온 골드 카무트 효소 30포 (30일분),"28,000","24,000",453
모레모,모레모 헤어 에센스 딜라이트풀 오일 150ml,"23,000","18,400",551
케이트,케이트 핏 레어 젤 펜슬,"18,000","14,400",999+
에스쁘아,[단독기획] 에스쁘아 프로테일러 비내추럴 쿠션 본품 (+리필 증정),"38,000","32,300",999+
뮤드,[NEW라떼톡기획] 뮤드 숄 모먼트 아이섀도우 팔레트 6종 중 택1 (기획/단품),"32,000","23,900",896
보다나,보다나 글램웨이브 봉고데기 프리볼트 36mm 4종 택1,"83,000","74,000",999+
박준뷰티랩,박준 LPP 단백질 노워시 트리트먼트 헤어팩 200ml+ 80ml (증정기획),"22,000","14,300",999+
달바,[올영 단독 증정/민감자차] 달바 워터풀 마일드 선크림 50ml,"34,000","23,800",189
오설록,오설록 콤부차 10입 50g (깔라망고/리치피치/애플파인 택 1),"8,000","5,600",999+
비오텀,비오텀 클렌징 밀크 200ml,"27,800","23,660",999+
아벤느,아벤느 트릭세라 로션 (본품200ml+100ml 추가 증정),"33,000","23,600",999+
어뮤즈,[장원영립밤] 어뮤즈 듀 밤,"20,000","18,050",999+
어뮤즈,[장원영 PICK] 어뮤즈 듀 틴트,"20,000","18,000",999+
토코보,토코보 바이오 워터리 선크림 50mL SPF50+ PA++++,"24,000","18,000",999+
코스알엑스,코스알엑스 풀핏 프로폴리스 시너지 토너 280ml 더블기획,"44,000","23,500",999+
센텔리안24,[단독기획]센텔리안24 링클셀 코어 아이크림 25ml (코어 세럼 10ml 증정),"38,000","17,900",386
딜라이트 프로젝트,"딜라이트 프로젝트 쫀득한 군고구마, 망고말랭이 대용량 기획","9,500","6,900",999+
스킨베네핏,스킨베네핏 3종 새치커버 마스카라 (흑갈색/자연갈색/자연흑색),"8,900","6,900",999+
코카콜라,[코카콜라본사직영]제로칼로리 뚱캔*24입 7종 택1(코카콜라/스프라이트/닥터페퍼/환타),"20,800","16,440",284
빠이러스,빠이러스 킬파이어 쿨가글액(플라워향) 500ml,"15,900","13,900",246
맥,MAC 립스틱,"37,000","31,450",999+
로레알,로레알파리 엑셀랑스 파리지앵시크 9 colors (패션컬러),"16,000","10,900",999+
바른생각,바른생각 워터리 핑거핏 20개입 (손가락 형),"15,900","10,900",760
미쟝센,[NEW] 미쟝센 퍼펙트 세럼 80ml [오리지널/스타일링/워터리/리치] 4종 택1,"15,000","8,500",999+
닥터자르트,[올영단독] 닥터자르트 세라마이딘 바디오일 250ml,"25,000","17,500",999+
라네즈,라네즈 네오 에센셜 블러링 피니시 파우더 7g,"27,000","22,900",999+
라이블링,[1월 올영픽]라이블링 옐로우 클렌즈 15ml*10포입 (레몬맛),"11,900","8,460",288
피카소,피카소 라텍스 스퀘어 메이크업 스펀지 (6P/20P),"13,000","8,650",999+
바세린,바세린 오리지널 프로텍팅 젤리 50ml,"2,200","2,000",999+
클리오,클리오 익스트림 젤프레소 펜슬라이너,"12,000","8,400",999+
히말라야,[비건인증]히말라야 립밤 10g,"3,500","2,800",999+
갸스비,갸스비 기름종이 파우더 타입 70매+70매,"7,300","6,500",999+
일리윤,[약산성] 일리윤 대용량 세라마이드 아토 6.0탑투토워시 1000ml,"23,900","16,900",999+
릴리바이레드,릴리바이레드 스태리아이즈 나인투나인 젤아이라이너,"9,000","6,300",999+
모로칸오일,모로칸오일 헤어 트리트먼트 50ml (펌프포함),"37,000","30,000",999+
이즈앤트리,[흔적앰플]이즈앤트리 어니언 뉴페어 B5 앰플 50ml,"24,000","16,800",425
한스킨,한스킨 클렌징오일 & 블랙헤드 (AHA/BHA/PHA) 300ml 3종 택 1,"28,000","16,800",459
메디힐,[NEW] 메디힐 레티놀 콜라겐 윤곽 마스크 4매 택 1 [앰플/크림],"16,000","8,000",999+
좋은느낌,[단독기획] 좋은느낌 입는 오버나이트 3+1P 2종 택 1 (중형/대형),"6,500","6,200",999+
리터,리터 큐브 176g 3종 중 택1(요거트/포유/땡큐),"9,900","7,900",999+
레모나,경남 레모나 루테인+비타민A 구미 60구미 (30일분),"18,900","10,080",56
한율,[박은빈 PICK] 한율 어린쑥 수분진정크림 55ml+25ml+마스크팩 기획,"38,000","29,600",999+
에스쁘아,[올영픽] 에스쁘아 더브로우 컬러 픽싱 카라 3 Colors,"16,000","12,800",999+
피카소,피카소 꼴레지오니 라운드 팁 트위저 퍼플,"15,000","9,980",999+
3CE,3CE 쉬어 리퀴드 블러셔,"17,000","12,750",615
아떼,아떼 비건 릴리프 선 에센스 SPF50+PA++++ 어워즈 한정기획 외,"42,000","29,400",999+
키스미,[가성비 라이너] 키스미 히로인메이크 스무스 리퀴드 아이라이너 P,"14,000","9,900",999+
롬앤,롬앤 한올 픽스 마스카라,"16,000","9,900",999+
투쿨포스쿨,[전소연PICK] 투쿨포스쿨 끌레어 틴트,"12,000","9,900",999+
투쿨포스쿨,[전소연PICK] 투쿨포스쿨 플레르 워터 틴트,"12,000","9,900",999+
비레디,[스완공동개발]비레디 시카페인 트러블리셋 세럼 40ml,"38,000","29,000",102
필리밀리,필리밀리 슬림한 족집게,"3,500","3,300",999+
헉슬리,[신규 향 출시/스퀴저 증정] 헉슬리 퍼퓸 핸드크림 6종 택 1,"15,000","12,000",999+
어뮤즈,[NEW컬러출시] 어뮤즈 아이 컬러 팔레트(본품+듀얼 브러쉬),"34,000","28,900",999+
달리프,달리프글램 텍스처 홀드 스프레이 (본품150ml+헤어롤 2개 증정)(뿌리 볼륨),"15,000","12,400",745
메디힐,[선우PICK]메디힐 레티놀 콜라겐 탄력 패드 100매 (+100매 더블증정 기획),"39,900","28,800",738
쏘피,쏘피 유기농 오버나이트 20P / 슈퍼롱 20P,"14,900","7,450",506
딜라이트 프로젝트,딜라이트 프로젝트 쫀득한 복숭아말랭이 62g,"3,800","3,200",999+
어반디케이,[2023 어워즈] 어반디케이 올나이터 세팅 픽서 118ml,"46,000","41,400",999+
마비스,[다이어리증정] 마비스 치약 85ml 4종 택1,"19,900","15,900",999+
홀리카홀리카,홀리카홀리카 마이페이브 인퓨징 블러쉬,"17,000","12,240",196
아베다,아베다 보태니컬 리페어 스트렝쓰닝 리브-인 트리트먼트 100ml,"55,000","41,250",42
닥터지,[베스트/민감피부] 닥터지 그린 마일드 업 선 플러스 40ml+40ml,"37,000","28,500",999+
어반디케이,어반디케이 문더스트 모노 아이섀도우 기획/단품 택1 (올리브영 단독 스페이스카우보이+아이프라이머 미니 기획 외),"33,000","28,050",999+
화이트,화이트 순한순면 탐폰 4종 택 1 (레귤러 / 슈퍼 8P / 16P),"6,000","4,800",887
아이디얼포맨,[피부진정/잡티완화]아이디얼 포 맨 시카 흔적 올인원 기획(150ml+50ml)(2023),"30,000","20,810",447
낫띵베럴,낫띵베럴 푸푸룬 340ml,"4,500","3,100",513
바이오더마,바이오더마 센시비오 H2O 250ml,"17,000","11,900",999+
뮤드,뮤드 글라세 립 틴트 8종 택1,"17,000","15,300",743
라덴스,라덴스 베럴 혀클리너 리뉴얼 4color,"9,900","8,910",999+
머지,머지 더 퍼스트 젤 아이라이너,"5,900","5,300",999+
톤핏선,[프롬젤라PICK] 톤핏선 비건 파데프리 핑베 테라조쿠션  SPF50+ PA++++,"24,000","15,120",999+
헤어플러스,헤어플러스 단백질 본드 워터에센스 200ml(뿌리는 에센스),"18,900","15,100",999+
아크네스,아크네스 3초 진정 토너 패드 70매,"21,000","11,500",999+
라로슈포제,라로슈포제 에빠끌라 H 토너 200ml (복합성/건성 피부),"27,000","19,900",999+
루치펠로,[단독기획] 루치펠로 7도 칫솔 8입 세트 (치약25g 추가 증정),"29,900","19,900",635
에뛰드,에뛰드 플레이 톤 아이 팔레트,"30,000","19,900",999+
비레디,비레디 블루쿠션 SPF 34 PA++/15g (본품/리필 택1),"29,000","19,900",999+
일리윤,[1월 올영픽] 일리윤 MD 레드이치 크림 330ML 기획(오일 20ML 증정),"26,000","19,900",999+
덴티스테,덴티스테 마일드 나이트타임 치약 160g 2종(4입/12입) 택1,"65,900","39,500",56
비타바움,비타바움 12병입 2종 중 택1 (비타민B12플러스/멀티비타민 플러스),"49,000","39,500",481
바닐라코,바닐라코 커버리셔스 파워 핏 파운데이션 30ml / 6colors,"34,000","27,200",999+
메디힐,[선우PICK] 메디힐 티트리 진정 수분 앰플 50ml+18ml 증정 기획,"32,000","19,800",999+
필리밀리,필리밀리 괄사 모음(브이페이스/세라믹바디/페이스&바디/듀얼미니괄사),"17,000","15,900",999+
피지오겔,피지오겔 레드수딩 AI 진정보습 로션 200ml,"37,500","27,000",999+
아이소이,"아이소이 속보습, 100시간 장수진 수분크림 70ml 기획(+수분앰플 10ml)","36,000","27,000",999+
프레스샷,[1월 올영픽]프레스샷 올인원 토탈 영양 앰플 10개입 (10일분),"29,900","26,900",999+
프로에잇,[NEW 뮤트브라운 컬러 추가] 프로에잇 스테이 온 젤 아이라이너+듀얼 아이라이너 브러쉬 기획세트,"35,000","26,900",338
로우퀘스트,로우퀘스트 베리어 리커버리 크림 80ml,"38,000","26,900",3
바이오더마,바이오더마 아토덤 울트라 크림 200ml,"28,000","19,600",705
닥터디퍼런트,닥터디퍼런트 비타리프트 에이 포르테 20g,"52,000","39,000",999+
바닐라코,바닐라코 커버리셔스 스킨 핏 틴티드 모이스처라이저 30ml,"25,000","19,400",999+
아임프롬,[셔누 PICK]아임프롬 허니 마스크 120g 기획 (+ 피그 스크럽 30g 증정 단독기획),"38,000","26,600",999+
코스알엑스,코스알엑스 풀핏 프로폴리스 라이트 앰플 40ml 더블 기획(+시트마스크 1매 증정),"50,000","26,500",999+
퓌,퓌 파운데이션 글래스 4color,"32,000","19,200",999+
투쿨포스쿨,투쿨포스쿨 피니쉬 세팅 팩트,"16,000","14,400",999+
힌스,힌스 뉴 뎁스 아이섀도우,"18,000","14,400",999+
아이소이,[응급진정패드] 아이소이 아크니닥터 1st 스팟 패드 60매,"23,800","19,000",828
필리밀리,[NEW] 필리밀리S 결점커버컨실러브러시812,"12,000","10,830",222
리무브,리무브 스킨브라 10종 택1,"16,500","14,800",999+
바이탈뷰티,바이탈뷰티 메타그린 슬림업 14일 (2주분),"19,000","14,200",476
필리밀리,필리밀리 듀얼 메이크업 스파츌라,"12,000","10,800",999+
메디힐,[헤어롤증정] 메디힐 티트리 진정 수분 앰플 50ml (빤쮸토끼 기획),"32,000","18,900",999+
템포,템포 탐폰 2종 택 1 (레귤러 20P/ 슈퍼 20P),"10,500","7,900",872
라엘,"라엘 리얼라엘 내추럴 청결 티슈 3종 택 1 (10매, 30매, 30매*4팩)","2,500","2,300",999+
코스알엑스,코스알엑스 더 비타민C23 세럼 더블기획 (+펩타이드세럼1.5ml*4ea),"46,000","32,200",999+
리브러쉬,[2023 어워즈] 리브러쉬 클러브 농축가글 50ml 어워즈 한정기획(+20ml 증정),"39,800","25,800",999+
바닐라코,[1등 클렌징밤]바닐라코 클린잇제로 클렌징 밤 오리지널 100ml,"20,000","14,000",999+
플랙커스,플랙커스 마이크로민트 치실 (36개입/90개입),"3,700","3,040",999+
크리스탈 라이트​,크리스탈라이트 10+2P 기획 4종 중 택1,"6,500","4,550",211
달리프,달리프 워터트리트먼트 더블 기획 (200ml+200ml)(탈모증상완화),"22,000","18,600",999+
로레알,로레알파리 엑셀랑스 블리치 슈프림 (탈색),"20,000","13,900",649
라운드랩,[NEW] 라운드랩 소나무 진정 시카 클렌저 150ml,"17,000","13,900",280
라운드랩,라운드랩 자작나무 수분크림 (본품80ml+20ml 추가 증정),"32,000","25,600",999+
헤트라스,[1+1] 헤트라스 프리미엄 대용량 디퓨저 500ml 2개입 4종 택1,"18,900","18,500",999+
이브로쉐,[증량] 이브로쉐 헤어식초 400ml 2종 택 1 (라즈베리 / 모링가),"17,500","14,500",999+
라보에이치,[대용량] 라보에이치 퍼퓸에디션 두피강화 샴푸 750ml [페어앤프리지아/블랑쉬앤우디] 택1,"36,000","25,400",999+
파티온,파티온 노스카나인 트러블 클리어 토너 200ml,"23,000","18,400",999+
달리프,[앞머리&볼륨고정] 달리프 헤어픽서200ml(+컬크림+폴리쉬오일) 증정기획,"16,000","10,400",999+
미팩토리,미팩토리 1단 돼지코팩 10매입,"8,900","7,900",999+
오울루,버치 아토 모이스처 크림 더블세트,"80,000","60,000",41
3CE,3CE 스킨 핏 커버 리퀴드 컨실러,"17,000","13,600",239
스킨푸드,[당근패드] 스킨푸드 캐롯 카로틴 카밍 워터 패드 60매,"26,000","18,200",999+
바이탈뷰티,[7일+1일/피부기능성]바이탈뷰티 슈퍼콜라겐 기획세트,"25,000","18,200",999+
넥스케어,[어워즈 한정] 넥스케어 이지픽 블레미쉬 패치 릴리프 더블 기획 (68매+68매),"8,600","7,740",999+
피지오겔,[더블기획] 피지오겔 레드수딩 시카밸런스 크림 50ml+50ml 증정 기획,"30,000","25,000",999+
메디앤서,[대용량] 메디앤서 비타 콜라겐 마스크 10매,"60,000","24,900",999+
에스테덤,[광채미스트]에스테덤 씨티 프로텍트 미스트 100ml,"69,000","59,340",61
필리밀리,[나겸쌤 공동개발] 필리밀리S 밀착플랫파운데이션브러시826,"20,000","17,960",165
유기농본,유기농본생리대 오버나이트10p,"5,800","4,200",999+
썸블라썸,썸블라썸 시카 케어 바디 미스트 300ml,"14,700","13,200",999+
듀이트리,[잡티케어]듀이트리 AC컨트롤 EX 딥 흔적 진정 마스크 1+1 기획,"3,000","2,850",999+
닥터지,[2세대 천만크림] 레드블레미쉬 클리어 수딩 크림 트리오 세트(50ml 3개입),"42,000","35,900",409
일리윤,[재구매1위]일리윤 세라마이드 아토 집중크림 150ml,"13,900","9,900",999+
바이오힐보,바이오힐보 비타민 토닝 올멜팅 클렌징밤 95mL,"20,000","9,900",999+
달바,[845만개 판매] 달바 워터풀 마일드 선크림 듀오 기획 (50ml+50ml),"51,000","35,700",999+
에스쁘아,에스쁘아 꾸뛰르 립틴트 블러벨벳 5.5g 8 colors,"22,000","17,600",999+
필리밀리,필리밀리 히팅뷰러 건전지 타입,"22,900","17,600",533
다슈,다슈 포맨 밤부 포레스트 메가 하드 스프레이 180ml,"15,000","9,800",999+
바이오힐보,바이오힐보 비타민 히알루로닉 젤크림 70mL 기획 (크림 30mL 증정),"25,000","17,500",999+
마녀공장,[대용량] 마녀공장 갈락 필링젤 용량 UP 120ml X2 더블 기획,"35,000","17,500",999+
플리프,플리프 시카-알로에 프레쉬 수분크림 150ml 기획세트(+50ml 증정),"21,000","17,500",549
토리든,[단독증량기획] 토리든 다이브인 무기자차 마일드 선크림 60ml 기획 (+20ml 추가 증정),"25,000","17,500",999+
뉴오리진,뉴오리진 이너플로라 30캡슐 (30일분),"36,000","24,200",218
라운드랩,라운드랩 1025 독도 크림 (본품 80ml+20ml 추가 증정),"32,000","24,000",999+
에스트라,에스트라 아토베리어365 바디크림 250ml,"30,000","24,000",785
한율,한율 어린쑥 진정 맑은 클렌징폼 기획세트 (폼120g + 수분진정크림15g),"16,000","12,800",999+
에뛰드,[NEW컬러] 에뛰드 플레이 컬러 아이즈 쿨 스테이지,"30,000","23,900",999+
CKD,[대용량] CKD 레티노콜라겐 저분자 300 모공탄력 마스크 10매,"50,000","23,900",999+
브리스킨,[은현 PICK]브리스킨 어성초 엑소펩타이드 콜라겐 마스크 5매,"50,000","35,000",195
달바,[올영 단독 증정/톤업자차] 달바 워터풀 톤업 선크림 50ml,"34,000","23,800",999+
베네피트,베네피트 원더풀 월드 블러쉬 & BOP 미니 5종 택1 (단델리온 외),"28,000","23,800",999+
넘버즈인,[수분광채] 넘버즈인 6번 푹잠 마스크팩 세럼 80ml 기획(+4번 SOS 얼음장팩),"34,000","23,800",999+
비레디,[2023 어워즈]  비레디 트루 톤 로션 33ml 리필 어워즈 한정기획 (본품+리필),"49,900","34,900",467
브링그린,[온라인 단독기획]브링그린 프레시마스크 10매 기획 5종,"16,000","9,500",999+
이즈앤트리,[디렉터파이추천] 이즈앤트리 어니언 뉴페어 클렌징폼 150ml,"18,000","12,600",999+
메디힐,메디힐 더 N.M.F 앰플 마스크 1매,"3,000","1,500",999+
제니하우스,[1+1 한정기획] 제니하우스 프리미엄 헤어컬러 1+1 기획 4종 택1,"16,000","12,500",999+
그린몬스터,그린몬스터 이너블라썸 질 유래 여성유산균 30캡슐 (1개월분),"25,200","16,900",741
바이오힐보,바이오힐보 프로바이오덤 타이트닝 콜라겐 세럼 30mL 더블 기획,"57,000","34,500",999+
바이오힐보,[NEW] 바이오힐보 판테셀 리페어시카 크림 50mL+50mL 기획,"57,600","34,500",999+
순백수,순백수 히노끼 디퓨저 150ml 3종 택1(리프/우드/로즈),"23,900","16,830",598
듀이트리,[더보이즈큐포카&다꾸템증정]듀이트리 AC컨트롤 EX 딥 그린 카밍 패드 60매기획(+20매 증정),"24,000","16,800",999+
아비브,[1월 올영픽] 아비브 수분초 히알루론 패드 하이드레이팅 터치 75매 기획 (+10매 추가 증정),"24,000","16,800",999+
그로우어스,그로우어스 데미지 테라피 노워시 트리트먼트 250ml 기획(+크림트리트먼트 21ml 증정),"26,000","23,200",999+
유즈,유즈 스테이포에버 퍼퓸 002 30ml,"39,000","34,100",498
아벤느,아벤느 이드랑스 딥모이스트 로션 200ml 더블 기획,"40,500","34,100",925
템포,템포 레귤러/슈퍼 10P 2종 택 1,"6,200","4,800",999+
니드인,[2023어워즈/한정기획] 니드인 비움효소 3g 10포+10포 증정기획,"25,000","22,900",999+
힐링배스,힐링배스 시원한 그레이 샤워타월,"2,500","2,250",999+
아리아나그란데,아리아나그란데 스위트 라이크 캔디 EDP  50ml,"85,000","55,200",553
바이오더마,바이오더마 아토덤 PP밤 500ml,"48,000","33,600",999+
아누아,[단독기획] 아누아 어성초 80 수분 진정 앰플 기획 (30ml+30ml),"46,000","33,600",999+
루나,[다크서클컨실러] 루나 컨실 팟 4colors,"15,000","12,000",999+
디어에이,[민카롱PICK][미니퍼프 2P 사은품 추가증정] 디어에이 퍼펙트 커버 컨실러 팔레트 퍼프기획 3종,"16,000","12,000",336
꾸미,릴크리터스 꾸미바이트 비타민 3종 택1 (비타민/칼슘/아연) (30일분),"15,000","12,000",175
리엔,리엔 흑모비책 오리엔탈 새치크림 염색 더블 기획,"12,900","11,900",999+
이브,이브 핑거돔 18P (공산품),"12,900","11,900",572
샤이샤이샤이,[NEW] 샤이샤이샤이 선 키스드 플럼프 립밤 4g 3종 중 택 1,"15,000","11,900",3
풀리오,풀리오 종아리 마사지기 지퍼형,"129,000","119,000",186
트리헛,[단독기획] 트리헛 시어 슈가 스크럽 더블기획 3종 택1 (510g+510g),"39,500","33,300",999+
누즈,[NEW/블러셔]누즈 리퀴드 케어 치크,"19,000","16,150",383
컬러그램,[NEW] 컬러그램 썬더볼 틴트 라커 6color,"9,800","8,800",999+
더블유드레스룸,[2023 어워즈]W.DRESSROOM 퍼퓸 핸드크림 에이프릴코튼 50ml+50ml 어워즈 더블 기획팩 (2023),"7,900","6,500",999+
파파레서피,파파레서피 블레미쉬 클렌징 오일 300ml,"25,000","22,500",26
마르시끄,[2023 어워즈/브라이언 PICK] 마르시끄 링클 리페어 미간 주름패치 33개,"12,900","11,800",999+
루톤,루톤 여성 두피용 알파에르겐 트리트먼트 500ml+트리트먼트 70ml 증정 기획,"27,000","22,400",999+
파티온,[홀리 공동개발] 파티온 노스카나인 트러블 흔적앰플 15ml,"20,000","16,000",999+
반디,[다영PICK] 반디 핑크다이아기획 & 뿌리세럼 골라담기,"20,000","16,000",999+
센카,센카 퍼펙트 휩 포 바디 500ml,"10,900","8,700",999+
청담소녀,"청담소녀 생리대 5종 택 1 (생리대, 라이너, 오버나이트)","7,400","5,600",832
세타필,"세타필 젠틀 바디워시 리프레싱 1,000ml","26,500","15,900",953
박준뷰티랩,[대용량]박준뷰티랩 LPP 단백질 샴푸 1000ml,"17,600","15,800",999+
커리쉴,[한정기획]커리쉴 에프터살롱케어 데미지리페어 샴푸 500ml 기획(+트리트먼트 160ml 증정),"26,000","22,000",999+
유리아쥬,유리아쥬 진피 마일드 젤 500ml,"36,000","32,400",999+
나인위시스,[리뷰이벤트/권은비 PICK] 나인위시스 하이드라 수분 앰플 나노 플러스 30ml 더블기획,"24,500","21,900",999+
메디앤서,[미백탄력] 메디앤서 비타 콜라겐 마스크 1매,"6,000","3,000",999+
오킵스,오킵스 워킹핸즈 핸드크림 튜브 85g,"13,000","8,300",992
필리밀리,필리밀리 촉촉퍼프,"5,000","4,300",999+
비오템 옴므,비오템옴므 아쿠아파워 올인원 세트 (클렌저40ml+올인원20ml),"62,000","52,700",795
바이오힐보,[리뷰이벤트/NEW] 바이오힐보 프로바이오덤 3D 리프팅 크림 50ml,"39,000","31,900",23
리얼테크닉스,리얼테크닉스 미라클 컴플렉션 스펀지 3종 택1,"13,500","10,800",999+
레미유,[NEW 컬러] 레미유 듀이 플로우 틴트,"19,000","15,200",999+
바이오힐보,[NEW] 바이오힐보 판테셀 리페어시카 크림 50mL,"32,000","21,380",999+
샤프란,샤프란케어 냄새뺌 비누향/코튼향 2종 택1,"9,400","5,900",999+
식물나라,식물나라 제주탄산수퀵앤딥클렌징티슈 100매,"8,800","5,900",999+
몰바니,[고민시 PICK]몰바니 저자극 LHA 율피 젤 클렌저 200ml,"28,000","21,280",904
나이팅게일,나이팅게일 데일리더마 클렌징패드 마일드 (70매),"12,500","11,000",999+
메이크프렘,[증량] 메이크프렘 세이프 미 릴리프 모이스처 클렌징 밀크 500ml,"42,000","31,500",728
쏘내추럴,쏘내추럴 올 데이 메이크업 픽서 더블기획 (120ml+120ml),"42,000","31,500",999+
맥,MAC 텐더토크 립 밤,"37,000","31,450",206
릴리바이레드,릴리바이레드 스키니메스 브로우 마스카라,"10,000","8,000",999+
대웅제약,대웅제약 에너씨슬 콜레다운 30캡슐 (1개월분),"17,500","15,000",626
피지오겔,[더블기획] 피지오겔 DMT 마일드 립밤 4.2g+4.2g 기획세트,"19,800","15,000",999+
바이오힐보,[NEW] 바이오힐보 세라마이드 아쿠아 토닝 필링 젤 120mL 기획 (60mL 증정),"18,000","10,900",423
락토핏,락토핏 이브 30포 (15일분),"14,900","10,900",467
락토핏,락토핏 슬림 30포 (15일분),"14,900","10,900",999+
브링그린,[NEW] 브링그린 쑥세라카밍모이스처약산성클렌징폼200mL더블기획,"22,800","14,900",318
로레알,[기획세트]로레알파리 토탈리페어5 트리트먼트 헤어팩,"21,500","14,900",999+
메이크프렘,메이크프렘 유브이 디펜스 미 노 세범 선크림 40ml 1+1 기획,"28,000","21,000",999+
닥터텅스,닥터텅스 구역질없는 혀클리너(파우치 증정)(색상 랜덤),"10,000","7,900",999+
필리밀리,필리밀리 뿌리 볼륨 브러시,"8,500","7,900",999+
미쟝센,[NEW] 미쟝센 컬링에센스 2X 볼륨컬/내추럴컬 230ml 택1,"15,000","7,900",999+
디어에이,디어에이 루미너스 네일 에센스 3g,"10,900","7,900",722
바닐라코,바닐라코 촘촘 카스텔라 퍼프 6EA,"5,000","4,000",999+
바닐라코,바닐라코 프라이머 피니쉬 팩트 6.5g,"26,000","20,800",999+
아로마티카,[강민경 PICK] 아로마티카 바디오일 100ml 리츄얼 기획(괄사 포함) 5종 택1,"44,000","30,800",999+
코링코,코링코 톡톡하라 필터 속눈썹 블랙/브라운 200pcs (9mm/10mm/11mm/12mm),"20,000","13,210",999+
린제이,린제이 진정약초 모델링 마스크 컵팩 28g,"3,000","2,500",999+
비오템 옴므,비오템 옴므 아쿠아파워 72H 수분 젤 크림 50ml,"130,000","110,500",46
누즈,[NEW]누즈 케어 립추얼,"17,000","14,450",999+
글린트,[NEW 컬러출시] 글린트 스틱하이라이터,"24,000","20,400",999+
모로칸오일,모로칸오일 인텐스 컬 크림 75ml,"16,000","14,400",999+
키스미,[픽싱 젤 브로우] 키스미 헤비로테이션 젤 아이브로우 라이너,"13,000","10,400",999+
토니모리,[NEW] 토니모리 겟잇틴트 컬러풀워터 5종,"13,000","10,400",501
헤드앤숄더,헤드앤숄더 가려운 두피케어 샴푸 500ml 더블 기획,"17,300","10,400",999+
투쿨포스쿨,투쿨포스쿨 피니쉬 세팅 오일 페이퍼 (본품+리필),"8,500","7,500",999+
스튜디오17,스튜디오17 아이메이크업 브러쉬 세트 (5종),"12,900","10,320",999+
포지타노,포지타노 캔디 4종 중 택1,"8,900","7,400",999+
바이오힐보,[NEW] 바이오힐보 프로바이오덤 타이트닝 콜라겐 크림 50mL 기획 (앰플 7mL*2 증정),"38,000","29,900",509
웨이크메이크,[시즌한정컬러] 웨이크메이크 네일건 홀리데이 시즌 네일 6 COLOR,"4,000","3,600",435
이브,[의료기기] 이브 콘돔 2종 택 1 (리얼003 10P / 울트라씬 10P),"13,900","12,900",721
아로마티카,[쿨링젤] 아로마티카 수딩 알로에 베라 젤 (300ml/500ml),"11,000","8,800",999+
니베아,니베아 크림150ml,"6,500","5,200",999+
쉬크,쉬크 인튜이션 버라이어티 기획 5종 택1 (기+날4입),"24,900","19,900",999+
딥트3일,"[주현영, 이나연 찐템]딥트 3일 분해효소 리셋 8포 (8일분)","21,000","13,970",515
닥터블릿,[혜리PICK] 닥터블릿 푸응 다이어트14포 (7일분),"22,900","13,970",687
히든,히든 퍼퓸 스프레이 바디로션 단품/기획 5종,"32,900","29,600",410
마몽드,[윈터 PICK] 마몽드 포어 슈링커 바쿠치올 크림 60ml 단독기획 (+30ml 추가증정),"38,000","29,600",406
비타하임,비타하임 칼슘+마그네슘+비타민D 15정(15일),"5,000","3,500",999+
듀이셀,듀이셀 마스크팩 5P,"33,000","19,800",999+
웰라쥬,[형원PICK] 웰라쥬 리얼 히알루로닉 원데이키트 7개입,"39,700","19,800",999+
구달,[한정기획] 구달 맑은 어성초 진정 쿨링 선스틱 1+1 기획 SPF50+ PA++++,"22,000","19,800",748
비욘드,[NEW] 비욘드 엔젤아쿠아 수분가득 진정 앰플 50ml 1+1 기획,"28,000","19,800",201
라보에이치,라보에이치 탈모증상완화 샴푸 두피쿨링 (333ml+50ml),"19,800","13,900",999+
마녀공장,[후니언 Pick] 마녀공장 딥 클리어 클렌징 밤 기획(132ml+14ml),"24,000","13,900",999+
바이오힐보,바이오힐보 비타민 히알루로닉 앰플토너 150mL & 에멀전 150mL 기획 (크림30mL 증정),"42,000","29,400",999+
닥터지,[증정]닥터지 로얄 블랙스네일 크림세트(50ml+15ml),"42,000","29,400",613
아로마코,아로마코 허브디퓨저_포레스트,"17,000","9,900",999+
뉴트로지나,뉴트로지나 인텐스 리페어 풋크림 56g (뒤꿈치 관리),"8,900","7,100",999+
나인위시스,[리뷰이벤트/단독 기획] 나인위시스 하이드라 크림 앰플 더블 기획 (30ml+30ml),"21,900","19,500",999+
스킨푸드,[NEW/수분진정] 스킨푸드 캐롯 카로틴 데일리 마스크 30매,"26,000","19,500",4
바이탈헬스,바이탈헬스 바이탈슬림 다이어트 올인원 나이트 10포 (10일분),"16,000","9,810",838
허스텔러,[스칼렛언니 PICK] 허스텔러 니어바이 리차징 립밤 6종 중 택1,"14,000","9,100",999+
라엘,라엘 입는 오버나이트 8P 2종 택1 (M/L),"12,900","9,800",92
센카,[츄PICK] 센카 퍼펙트 휩 페이셜 워시 120g,"9,800","7,020",999+
브링그린,[2023 어워즈] 브링그린 티트리시카  수딩 토너 500ml 어워즈 한정기획(+크림20ml+징크테카세럼 7ml),"27,000","19,440",999+
아임오,아임오 유기농 생리대 4종 택 1 (소 12P / 중 14P / 대 9P / 오버나이트 6P ),"4,500","3,300",451
그린몬스터,[단독기획] 그린몬스터 식전식후 바디관리세트 (28일분),"35,000","28,900",999+
버츠비,버츠비 임산부 기프트 기획 (마마비 벨리버터 185g+마마비 너리싱 바디오일 147ml),"34,000","28,900",999+
더파이에센셜,[디렉터파이 MADE] 더파이 시카알란 퍼스트 에센스 150ml,"34,000","28,900",332
VDL,VDL 커버 스테인 퍼펙팅 쿠션 리필 기획,"34,000","28,900",471
화이트,화이트 순한순면 생리대 4종 택 1 (중형 / 대형 / 수퍼롱 / 오버나이트),"7,100","3,910",999+
페리페라,페리페라 더블롱웨어 커버컨실러,"6,000","4,800",999+
노베브,[재유 공동개발] 노베브 언더 아이 컨실러 2colors (웜/쿨톤),"14,000","13,300",305
에스더포뮬러,[1등이너뷰티]에스더포뮬러 여에스더 글루타치온 다이렉트 필름 3X 30매 (30일분),"38,000","28,400",259
에스네이처,[화해1위] 에스네이처 아쿠아 오아시스 토너 300ml 기획(+ 수분크림30ml증정),"24,000","18,900",999+
피토틱스,피토틱스 옐로우 30캡슐 (1개월분),"19,500","18,900",999+
버터크룽지,"버터크룽지 10개입 2종 중 택1(오리지날, 초코디핑)","23,000","18,900",8
필리밀리,필리밀리 미니메이크업브러시세트(2309 한정기획),"23,000","18,800",999+
좋은느낌,[대용량] 좋은느낌 입는 오버나이트 5종 택 1 (S / M / L),"17,600","7,920",580
바이오더마,[온라인 단독기획] 바이오더마 하이드라비오 에센스로션 더블기획(200ml+200ml),"54,000","46,900",999+
네이처메이드,네이처메이드 액티브 데일리 멀티 포 맨 120정 (2개월분),"35,000","28,000",999+
스틸라,스틸라 매그니피센트 메탈 글리터&글로우 리퀴드 아이섀도우,"35,000","28,000",999+
덴탈프로,덴탈프로 치간칫솔 사이즈 0번 15P,"6,500","4,500",999+
쏘피,[올리브영 단독] 쏘피 X 벨리곰 안심숙면 팬티 5P 2종 택 1(입는오버나이트),"9,000","4,500",999+
바디홀릭,바디홀릭 스테이누디 헤어&바디 미스트 100ml 3종 택1,"15,900","12,900",999+
비판톨,비판톨 립크림 더블 기획 (7.5ml+7.5ml ),"14,400","12,900",999+
쉬크,쉬크 인튜이션 잔망루피에디션 제모기 2종 택1(기+날1입),"15,900","12,900",999+
더랩바이블랑두,더랩바이블랑두 그린 플라보노이드 진정 패드(90매+12매 추가 증정),"23,000","18,400",999+
스튜디오17,스튜디오17 팡팡 대왕 퍼프,"5,900","4,410",999+
키스미,[2mm 부드러운 젤펜슬] 키스미 히로인메이크 롱 스테이 스무스 젤 펜슬 라이너,"12,000","9,000",999+
이니스프리,이니스프리 노세범 AC 파우더 5g,"12,000","9,000",506
라네즈,[1월올영PICK/선착순워터뱅크4종키트] 라네즈 워터뱅크 모이스춰 크림 45ml 배드블루 콜라보 기획,"39,000","27,500",52
롱테이크,롱테이크 핸드크림 50ml 2종 [샌달우드/블랙티앤피그] 택1,"18,000","12,600",318
린제이,린제이 엄청 큰 보습 멀티 앰플 (500ml),"9,900","8,900",457
셀퓨전씨,[진정쿨링] 셀퓨전씨 포스트 알파 시카 쿨링 마스크 1매,"3,000","1,500",999+
라운드랩,[NEW] 라운드랩 약콩 판테놀 마스크 1매,"3,000","1,500",994
아리아나그란데,아리아나그란데 클라우드 EDP 30ml,"67,000","45,600",237
랩노쉬,[패키지 리뉴얼]랩노쉬 프로틴 단백쿠키 7종 택1 (10개입),"13,900","12,510",255
아도르,[카즈하 PICK] 아도르 퍼퓸 헤어 오일 80ml 4종 택 1,"32,000","27,200",999+
메이크프렘,메이크프렘 세이프 미 릴리프 모이스처 클렌징오일 기획(210ml+20ml),"24,000","18,000",721
듀이트리,[더보이즈큐포카&다꾸템증정]듀이트리 AC 컨트롤 딥 그린 카밍 크림 기획(60ml+20ml증정),"28,000","18,000",241
라운드어라운드,라운드어라운드 편백 블레미쉬 클렌징폼 200ml+200ml 더블 기획세트,"31,000","18,000",999+
잇츠스킨,잇츠스킨 파워10 포뮬라 엘아이 젤리패드 감초줄렌 70매 기획 (+10매),"25,000","18,000",999+
넘버즈인,[각질7층보습] 넘버즈인 4번 메이크업 찰떡 미네랄 토너 200ml 기획 (+50ml 증정),"24,000","18,000",353
미언더,미언더 시그니처 나무팬티 드로즈_6color,"23,000","18,000",25
BYOCORE유산균,[이동욱 PICK] CJ BYOCORE 건강한 생유산균 100억 30포 (1개월분),"29,900","17,940",272
에스네이처,[2023어워즈] 에스네이처 아쿠아 스쿠알란 수분크림 60ml,"24,000","17,900",999+
라운드랩,라운드랩 1025 독도 클렌징 오일 200ml (클렌저40ml 증정),"23,000","17,900",999+
모레모,[1월 올영픽]모레모 헤어샴푸 미라클 2X 480ml 기획(100ml 증정),"26,000","17,900",741
라운드랩,[NEW] 라운드랩 포 맨 1025 독도 올인원 플루이드 200ml,"24,000","17,900",731
티르티르 이너뷰티,티르티르 퍼펙트 아르기닌 피치 5000 15포 (15일분),"21,000","17,850",66
팬틴,팬틴 실키 스무드케어 린스 500ml,"12,300","6,100",999+
더마토리,더마토리 프로 앰플 마스크 1매 [수분/탄력/미백/진정] 4종 중 택1,"2,000","1,000",999+
피지오겔,피지오겔 DMT 바디로션 400ml,"33,500","26,900",999+
헉슬리,[NEW 컬러 출시] 헉슬리 립밤 리브 비하인드 6종 중 택 1,"14,000","11,900",999+
어네이즈,어네이즈 잔머리카라 8ml,"13,000","12,300",999+
마녀공장,[증정기획] 마녀공장 비피다 바이옴 앰플 토너 400ml+100ml 기획,"25,000","17,500",999+
라타플랑,라타플랑 미나리 진정 선크림 기획세트 (50ml+20ml 증정),"25,000","17,500",962
리무브,리무브 스킨브라 더블기획 2종 택1,"33,000","26,400",999+
로이비,로이비 로터스 앤 인센스 EDP 50ml,"109,000","98,100",56
에비스,에비스 프리미엄케어 6열 광폭헤드 칫솔 미세모 (색상랜덤),"4,600","3,900",999+
필리밀리,필리밀리 양면 쌍꺼풀 테이프,"2,800","2,400",999+
존슨즈,[하니얌Pick] 존슨즈베이비 베드타임 오일 500ml,"18,900","11,900",50
덴티스테,덴티스테 치실50m,"4,900","3,800",999+
아로마티카,[1+1기획] 아로마티카 로즈마리 루트 인핸서 100ml+100ml 더블 기획,"24,000","17,100",999+
필리밀리,필리밀리 코 쉐딩브러시 857,"9,500","8,200",999+
닥터지,닥터지 약산성 레드 블레미쉬 클리어 수딩 폼 기획 (150ml+75ml),"20,000","17,000",999+
플루,[스푼증정기획] 플루 리얼슈가&씨솔트 퍼퓸드 바디스크럽 500g 6종 택1,"22,000","16,900",999+
CKD,[은또PICK/단독기획] CKD 레티노콜라겐 저분자 300 타이트닝 물광 크림팩 브러쉬 기획,"28,000","16,900",710
한율,한율 어린쑥 수분진정 랩핑 마스크 1매,"4,000","2,200",456
달바,[100시간 보습/겉광속쫀] 달바 화이트 트러플 더블 레이어 리바이탈라이징 세럼 30ml,"72,000","43,200",593
라로슈포제,라로슈포제 히알루B5 세럼 30ml 기획 (+똘러리앙로션 15ml),"54,000","43,200",949
아임프롬,[셔누 PICK]아임프롬 피그 스크럽 마스크120g 기획(+허니마스크 30g),"32,000","25,600",999+
피노,피노 프리미엄 터치 헤어 오일 70ml+70ml 더블기획(졸리지 콜라보 굿즈 증정),"32,000","25,600",389
페리페라,[페리복권] 페리페라 올테이크무드팔레트,"21,000","16,800",999+
스킨푸드,[비건/유기자차] 스킨푸드 베리 수분 선크림 50ml SPF50+ PA++++,"24,000","16,800",362
넘버즈인,[피부결] 넘버즈인 3번 녹차숯 모공말끔 클렌징팩밤 85g,"24,000","16,800",875
토리든,[단독기획] 토리든 밸런스풀 시카 진정 크림 80ml 기획 (+세럼 10ml),"24,000","16,800",999+
클리오,클리오 하이드로 메이크업 스펀지 오리지널 엣지,"10,000","8,000",408
마몽드,[단독기획] 마몽드 블루 캐모마일 크림 기획 60ml (+30ml 추가 증정),"34,000","25,500",999+
폴라초이스,폴라초이스 스킨퍼펙팅 바하 리퀴드 각질제거제 118ml 기획 (+아하 각질제거 로션 10ml),"34,000","25,500",60
푸푸리,푸푸리 라벤더 바닐라 1.4 oz,"9,900","7,900",999+
바디판타지,바디판타지 퓨어 프래그런스 바디 스프레이 5종 택 1,"10,000","7,900",999+
쏘피,[단독기획] 쏘피 라베르플랑 라이너 롱 40P+40P기획 (80P),"15,800","7,900",856
갸스비,갸스비 필름 타입 기름종이 70매,"3,900","3,500",999+
유리아쥬,유리아쥬 오떼르말 더블 기획 (300ml+300ml),"31,500","25,200",999+
투쿨포스쿨,투쿨포스쿨 픽싱 글로우 쿠션 (본품+리필),"36,000","25,200",999+
달바,[올인원 간편스틱] 달바 더블 세럼 올인원 멀티밤 10g,"42,000","25,200",458
투쿨포스쿨,[레오제이 공동개발] 투쿨포스쿨 픽싱 누드 쿠션 (본품+리필+미니쿠션 OY단독기획),"36,000","25,200",999+
더마비,[대용량] 더마비 데일리 모이스처 바디오일 300ml,"24,500","16,500",523
닥터지,[NEW] 닥터지 로얄 블랙 스네일 앰플 마스크 1매,"4,000","2,000",999+
탱글티저,탱글티저 오리지널 미니 4종 택1,"14,000","10,500",999+
메디힐,메디힐 캡슐100 바이오 세컨덤 수분 하이드로 10매입,"50,000","25,000",743
얼라이브,얼라이브 원스데일리 포 우먼 60정 (2개월분),"30,000","25,000",999+
디어스킨,디어스킨 에어엠보 4팩 6종 택 1(생리대/라이너/입는오버/슈퍼롱오버),"28,800","13,900",340
달바,[쇼케이스 특가] 달바 워터풀 톤업 선 쿠션 듀오 기획(15g+15g),"52,500","42,000",488
아크웰,[1+1]아크웰 피에이치 밸런싱 버블 프리 클렌징 젤 더블기획 (160ml+160ml),"18,000","16,200",999+
토리든,[단독기획] 토리든 밸런스풀 시카 토너 패드 60매 기획 (+10매 추가 증정),"23,000","16,100",999+
마른파이브,마른파이브 두프리 실리콘 누드브라 슬림,"17,900","16,100",999+
바이컬러,"[한혜진 PICK] 바이컬러 치약 3종 택1 (구취,미백,고불소)","10,000","7,500",999+
뉴트리원라이프,뉴트리원라이프 루테인 지아잔틴 164 에이엑스 30캡슐 (1개월분),"29,900","16,020",154
미쟝센,[2023 어워즈 헤어염색 1위] 미쟝센 헬로크림 1CB 쿨블랙 어워즈 한정기획 (+이너플렉스 모발강화제 30G),"32,000","16,000",386
리스테린,리스테린 쿨민트 마일드 100ml (휴대용),"2,100","1,800",268
에뛰드,에뛰드 룩 앳 마이 아이즈 카페,"4,000","3,200",999+
일리윤,일리윤 세라마이드 무향 립밤 더블 기획,"23,200","15,900",999+
로레알,로레알파리 UV 디펜더 선크림 50ml 4종 (데일리/톤업/오일프리/아쿠아),"26,000","15,900",160
탱글엔젤,탱글엔젤 프로 브러쉬 4종 택1,"29,000","21,900",999+
콜게이트,콜게이트 맥시멈 캐비티 프로텍션 쿨민트 치약 100g,"3,900","3,100",999+
화이트,[대용량] 화이트 순한순면 생리대 4팩 3종 택 1 (라이너 롱 40개입 / 일반 48개입 / 슬림중형 16개입),"21,800","11,990",999+
맥,MAC 락드 키스 24아워 립스틱,"48,000","40,800",25
아이디얼포맨,아이디얼 포맨 퍼펙트올인원 탄력크림 기획세트 (퍼펙트 스킨 31ml 증정),"30,000","24,000",999+
뷰티리더,뷰티리더 스케치 아이브로우,"6,000","4,800",999+
피캄,피캄 베리어 사이클 락토P 토너 패드 60매,"26,500","23,800",126
라운드어라운드,라운드어라운드 포레스트 센티드 바디 로션/워시 2종 택1,"22,000","15,400",130
우르오스,우르오스 스킨로션 200ml,"29,700","23,700",999+
우르오스,우르오스 스킨밀크 200ml,"29,700","23,700",999+
라우쉬,라우쉬 컨디셔너 200ml 5종 택1 (스위스허벌/윌로우바크/콜츠푸트/아보카도/아마란스),"26,000","21,500",590
르멘트,[NEW] [리뉴얼] 르멘트 반짝임 케어 다즐링 하드너 14ml,"18,000","15,300",278
바비브라운,바비 브라운 엑스트라 립 틴트,"47,000","39,950",999+
라우쉬,라우쉬 오리지널 헤어 팅크처 200ml 기획 (힘없는 모근 모발),"47,000","39,900",714
이지엔,NEW) 이지엔 하이라이트 헤어블리치 블랙빼기,"9,900","6,930",59
라끌랑,라끌랑 쫀쫀밀착 비비옴므,"26,000","23,400",186
마몽드,[리뷰이벤트/윈터 PICK] 마몽드 포어 슈링커 바쿠치올 패드 70매 기획 (+30ml 바쿠치올 크림 증정),"26,000","23,400",5
릴리바이레드,[NEW] 릴리바이레드 스마일리 립 블렌딩 스틱 0.8g (온),"12,000","10,200",32
자일리톨스톤,자일리톨스톤 70g 4종 택 1,"7,200","6,500",259
듀이트리,[더보이즈큐포카&다꾸템증정]듀이트리 AC컨트롤 딥 그린 카밍 클레이 젤 모공팩 100ml (패드10매 증정기획),"21,000","15,120",642
브링그린,브링그린 징크테카1.2%흔적세럼25mL,"22,000","15,010",999+
더랩바이블랑두,더랩바이블랑두 그린 플라보노이드 씬진정 마스크팩 10매입,"30,000","15,000",999+
눅스,[1월올영픽/소의튜브PICK] 눅스 윌 프로디쥬스 멀티 플로럴 오일 100ml 기획 (+프리미엄 우드 괄사),"52,000","39,500",500
에이프릴스킨,에이프릴스킨 초슬림 쿠션 (본품+리필 증정),"33,000","23,100",137
인터미션,[고이진 PICK] 인터미션 레스트 업 세럼 스킨 200ml,"27,200","23,100",512
프레스샷,프레스샷 올인원 토탈 영양 앰플 10입 / 20입 중 택 1),"29,900","26,900",118
메디힐,메디힐 플라센타 에센셜 마스크 10매입,"20,000","10,000",999+
유기농본,유기농본 울트라날개 5종 택 1 (대형 / 중형 / 오버나이트),"10,600","7,900",999+
바티스트,바티스트 드라이샴푸 후레쉬 200ml,"14,500","9,900",999+
헬스헬퍼,맥스컷 버닝 400mg 60캡슐 (10일분),"17,800","9,900",756
라우쉬,라우쉬 샴푸&컨디셔너 200ml 기획 4종 택1 (스위스허벌/윌로우바크/콜츠푸트/아보카도),"39,000","35,100",123
닥터올가,닥터올가 프리미엄 선프로텍션 크림 60ml (톤업 선크림),"38,000","22,800",173
브링그린,[백현 PICK] 브링그린 티트리시카트러블수딩토너패드 90매 (+90매 리필증정 기획),"37,800","22,600",999+
브링그린,[NEW] 브링그린 쑥세라카밍모이스처토너패드 90매 (+90매리필기획),"37,800","22,600",527
우르오스,우르오스 스킨워시 500ml,"18,200","14,500",999+
바이오더마,바이오더마 아토덤 인텐시브 밤 500ml,"48,000","38,400",999+
달바,[아티스트 PICK] 달바 글로우 핏 세럼 커버 쿠션 15g,"48,000","38,400",9
메디큐브,메디큐브 슈퍼시카 앰플 40ml,"28,000","22,400",213
네이밍,네이밍 레이어드 매트 핏 쿠션 기획 (쿠션+프라이머 본품 증정),"28,000","22,400",999+
스킨푸드,[NEW] 스킨푸드 미나리 에센스 70ml,"32,000","22,400",999+
오센트,오센트 에어퍼퓸 250ml 리필 기획 2종 중 택 1 (포레스트/러브),"30,000","22,300",999+
닥터지,닥터지 레드 블레미쉬 포 맨 올인원 크림 150ml 기획세트(+30ml증정),"29,700","22,200",999+
버츠비,버츠비 틴티드 립밤 6 color,"12,000","7,800",999+
한율,[건성용]한율 부들밤 깔끔각질 모공팩 기획(+20ml +어린쑥폼32g),"27,000","22,100",999+
아크로패스,아크로패스 트러블큐어 36패치,"39,800","37,800",999+
라엘,라엘 무표백 순면 생리대 3종 택 1 (중형/대형/오버나이트),"6,400","5,760",92
락토덤,락토덤X위글위글 피부에 유익한 생보습 3종 기획,"88,000","21,900",999+
네어,네어 얼굴&비키니라인 제모 왁스스트립40매+피니싱티슈4매,"17,900","13,900",926
마몽드,[재유 공동개발][모공브러쉬 증정] 마몽드 어메이징 딥 민트 클렌징밤 90ml 단독기획,"27,000","21,600",222
비판톨,비판톨 데이케어 립스틱 4.5g 더블 기획 (꽃카 에디션),"16,200","13,800",963
키스미,[마스카라 리무버] 키스미 히로인메이크 스피디 마스카라 전용 리무버,"13,000","9,100",999+
릴리바이레드,[NEW 러브콜에디션] 릴리바이레드 러브빔 블러 치크,"13,000","9,100",999+
테라로직,테라로직 레틴에이 안티 링클 3D 크림 20g+5g,"48,000","36,900",281
씨드비,씨드비 프리미엄 물염색 3종 중 택 1,"17,000","13,600",953
츠바키,츠바키 프리미엄 리페어 워터 더블기획 (220ml +220ml),"26,600","21,200",999+
온더바디,온더바디 퓨어시카 쉐어 바디워시 1000ml 2종 택1,"14,900","8,900",999+
네이밍,네이밍 플러피 파우더 블러쉬 7colors,"15,000","13,500",999+
포인트앤,[버니키링 증정] 포인트앤 딥멜팅 소이 클렌징 밤 90ml,"17,900","13,400",256
컬러그램,컬러그램 쥬시 퐁당 틴트 8종,"9,800","8,800",999+
루나,루나 프로 포토 피니셔 블러 파우더,"28,000","21,000",999+
아크네스,아크네스 퍼펙트 솔루션 바디워시 더블 기획 (500ml+500ml),"28,000","21,000",999+
마몽드,[대용량] 마몽드 로즈 워터 토너 500ml,"30,000","21,000",999+
커리쉴,[1월올영픽/실키오일세럼13ml증정]커리쉴 에프터 살롱 케어 헤어팩 트리트먼트 250ml,"28,000","21,000",999+
유기농본,유기농본생리대 팬티라이너 롱 14개입,"2,400","1,900",397
글램팜,[서강준 PICK] 글램팜 컴팩트 미니고데기 2종 택1,"84,000","82,000",14
헉슬리,헉슬리 바디오일 100ml 2종 택1,"45,000","36,000",999+
유세린,유세린 하이알루론 부스팅에센스 100ml,"48,000","36,000",533
아떼,아떼 바이탈 씨 좀 토닝 컨센트레이트 기획(20ml+10ml*2ea),"45,000","36,000",287
에스트라,에스트라 리제덤365 모공탄력 캡슐세럼 30ml,"48,000","36,000",999+
피카소,피카소 윤기창조 FB17 파운데이션 브러쉬 기획(단독증정),"57,000","35,060",787
비욘드,비욘드 엔젤아쿠아 보습장벽크림 150ml 1+1기획 (비건),"25,000","20,800",753
에스쁘아,[세레나데 재출시] 에스쁘아 더슬릭 립스틱 크림매트 7colors,"26,000","20,800",999+
브링그린,브링그린 대나무히알루수분크림75mL더블기획_NEW,"34,200","20,800",999+
에뛰드,[조효진개발] 에뛰드 그림자 쉐딩 브러쉬 3종 택1,"5,000","4,500",999+
코스알엑스,[화해1위] 코스알엑스 더 레티놀 0.1 크림 20ml,"25,000","20,700",746
좋은느낌,좋은느낌 유기농 탐폰 2종 택 1 (레귤러 / 슈퍼 12P),"10,800","8,600",151
피카소,피카소 195 컨실러 브러쉬,"29,000","20,670",70
소프리스,소프리스 발뒤꿈치만 집중필링 마스크,"3,800","3,400",999+
브링그린,[백현 PICK] 브링그린 티트리시카포어코팩 3매입,"7,900","5,510",999+
딜라이트 프로젝트,[온라인단독]딜라이트 프로젝트 곤약워터젤리 10개입 2종 택 1,"19,000","8,500",369
피캄,피캄 베리어 사이클 락토P 토너200ml 기획(+화장솜 증정),"23,000","20,500",999+
비비랩,[1월 올영픽]비비랩 석류콜라겐S 14포 (2주분),"25,900","12,900",999+
미쟝센,[NEW] 미쟝센 퍼펙트 노 워시 트리트먼트 미스트 250ml 대용량,"19,900","12,900",999+
브링그린,[NEW] 브링그린 티트리 시카 포어 클레이팩 스트롱 100g,"19,000","12,900",6
닥터자르트,닥터자르트 더마스크 워터젯 바이탈 하이드라 솔루션,"6,500","3,250",999+
보다나,보다나 컴팩트 판고데기 28mm 파우더블루,"39,600","35,200",57
이너시아,이너시아 더 프리즘 유기농 생리대 7종 택 1,"8,500","8,100",999+
필리밀리,[NEW] 필리밀리S 풀커버파운데이션브러시825,"22,500","20,250",15
투쿨포스쿨,투쿨포스쿨 바이로댕 헤어 쉐이딩 (본품+퍼프+브러쉬),"16,000","12,800",999+
에뛰드,에뛰드 팡팡 헤어 섀도우 3.5G [다크브라운/라이트브라운/블랙] 3종 택1,"16,000","12,800",999+
식물나라,[NEW] 식물나라 뽀얀쌀 맑은톤 클리어패드 100매,"19,800","12,800",173
티원콜라겐,[단독기획] 티원콜라겐 프리미엄 블랙 기획 (본품+파우치2장+스파출러),"38,500","35,100",140
메디큐브,메디큐브 레드 이레이징 크림 2.0 50ml,"25,200","20,200",130
아임오,아임오 유기농 생리대 3팩 5종 택 1(라이너 / 소 / 중 / 대 / 오버나이트),"13,200","8,500",136
페리페라,[기획] 페리페라 잉크올블랙카라 (1+1) 기획세트,"15,000","12,750",999+
닥터디퍼런트,[올영단독] 닥터디퍼런트 비타리프트 에이 포르테 더블 기획,"93,600","79,560",999+
테라브레스,테라브레스 마우스 로젠지 캔디 만다린민트향 100개입,"22,900","20,100",626
블리스텍스,[NEW] 블리스텍스 딥리뉴얼 립밤 3.7g,"5,500","3,140",999+
민티드,민티드 프리미엄 고체치약 2종 택1 (90정/180정),"11,900","10,900",424
파파레서피,파파레서피 가지 클리어링 수분 각질 필링 패드 토너 70매,"25,000","20,000",228
비레디,비레디 블루 수분 선크림 50ml 기획세트 (+20ml 증정),"25,000","20,000",167
헉슬리,헉슬리 퍼퓸 샤쉐 모로칸 가드너 20g,"21,000","19,950",129
필리밀리,필리밀리 비건페이스타월,"5,500","5,200",956
메이크힐,메이크힐 원피엘 파운데이저 파운데이션 28g,"30,000","19,900",517
폰즈,폰즈 클리어 스파 립앤아이 리무버 300ml,"24,500","12,500",999+
리쥬란,[광노화케어_신소재적용] 리쥬란 바이옴 힐러 유스 포뮬러 크림 50ml,"49,000","34,500",174
아이소이,[응급스팟] 아이소이 아크니닥터 1st 스피디 스팟 14ml 기획 (14ml+응급패드 4매),"24,800","19,800",999+
마르시끄,마르시끄 인리치드 비건 블랙 속눈썹 영양제,"24,800","19,800",801
런드리유,[단독기획]런드리유 클린 페이스 가글 스트롱 젤 투 폼 클렌저 기획세트,"22,000","19,800",999+
라네즈,라네즈옴므 액티브워터 2종 기획 (미니어처 3종 포함),"53,000","34,450",638
인클리어,[의료기기] 렛츠인클리어 질세정기 2종 택1 (렛츠인클리어 2P / 렛츠인클리어 9P),"8,000","6,900",999+
티젠,티젠 콤부차 10+5T 어워즈 한정기획 (2023) 2종 택1,"7,500","5,100",474
박준뷰티랩,[대용량]박준뷰티랩 아르간 샴푸 1150ml,"13,800","12,400",999+
비오템 옴므,비오템옴므 아쿠아파워 어드밴스드 젤 로션 100ML,"92,000","78,200",45
포맨트,포맨트 히든 립밤 3.6g,"8,900","8,000",601
메이블린,메이블린뉴욕 스카이하이 마스카라,"19,000","12,350",999+
르멘트,[모하비PICK] 르멘트 컬러 네일 31종 & 다즐링 하드너,"15,000","12,000",999+
미샤,미샤 비타씨플러스 잡티씨 탄력 앰플 40ml,"28,000","19,600",999+
라운드랩,[NEW] 라운드랩 소나무 진정 시카 앰플 기획 (+진정 크림 10ml 증정),"24,000","19,600",999+
타입넘버,타입넘버 핸드크림 40ml 5종 택 1,"12,000","10,800",999+
폰즈,[1월 올영픽 / 리무버&클렌징폼 증정] 폰즈 클리어 스파 피부 청정 클렌징 오일 200ml 기획세트,"18,900","12,300",60
에스쁘아,에스쁘아 노머징 마스카라 워터프루프 XP,"23,000","19,550",900
VDL,VDL 치크스테인 블러셔,"23,000","19,550",654
에치와이,에치와이 갓비움 야쿠르트 100ml,"3,900","2,920",941
삐아,[NEW리본에디션] 삐아 로 틴트,"16,000","12,260",999+
에르고바디,에르고바디 소프디 풋파일 듀오 기획,"23,000","19,500",999+
크리니크,크리니크 래쉬 파워 컬링 마스카라 01 블랙 오닉스,"40,000","34,000",37
푸드올로지,[봉선 PiCK] 톡스올로지 클렌즈 비움 50ml*6병+1병 증정 기획,"22,900","19,470",902
더블유드레스룸,W.DRESSROOM 드레스퍼퓸 시즌3 80ml/160ml 6종 택1,"6,900","4,950",756
겐조,[NEW] 라 컬렉션 겐조 메모리 시엘 매그놀리아 EDP 75ml,"129,000","77,400",30
클리너리,클리너리 오라밸런스 덴탈케어 30정,"39,800","33,900",40
다슈,[2023 어워즈] 다슈 클래식 스타일 그루밍 토닉 200ml 어워즈 한정기획 (본품+그루밍 토닉 100ml+메가 홀드,"18,000","12,160",999+
웨이크메이크,[NEW] 웨이크메이크 파운데이션 브러시 3종 (기획/와이드/퍼프핏),"20,000","18,000",607
에스트라,에스트라 리제덤365 밀도탄력 캡슐크림 50ml,"45,000","33,700",920
카밀,"[림PICK] 카밀 비건 립밤 택1 ( 클래식, 자몽, 피치) 4.2g","7,200","4,860",999+
닥터트웬티프로젝트,닥터트웬티프로젝트 리프덤 오토 아이크림20ml,"42,000","33,600",355
라운드랩,[NEW] 라운드랩 약콩 판테놀 크림 80ml 1+1 기획,"34,000","33,600",743
빼바,[성해은PICK/노슈가 프로틴바] 빼바 리얼초콜릿 프로틴바 40g 1BOX(9개입) 2종 택1 (다크/화이트),"24,000","19,200",999+
넥스케어,[OY단독]넥스케어 블레미쉬 패치 케어 63+48매 기획팩,"9,600","7,700",999+
에스티로더,"에스티 로더 더블웨어 파운데이션 기획(+펌핑기, 갈색병 세럼 7ml 증정)/단품 택1","87,000","73,950",999+
벨먼,벨먼 내추럴 스파 수분광채 스크럽워시 400ml 6종 택 1,"12,900","11,900",999+
AHC,AHC 에센스케어 클렌징오일 에메랄드 125ml,"19,000","11,900",168
페리오,페리오 화이트나우 미백패치 택1 (일주일팩 14P / 8P*8 (64입)),"21,000","11,900",999+
grn+,grn+ 갈색이 효소 14포 (14일분),"16,000","11,900",924
아비노,[NEW] 아비노 스킨 릴리프 핸드크림 100g,"10,900","7,600",999+
라운드어라운드,라운드어라운드 그린티 트러블 버블 폼 200ml 리필 기획세트,"28,800","19,000",999+
라로슈포제,라로슈포제 NEW 시카플라스트밤B5+ 100ml,"39,000","33,150",999+
베러데이,베러데이 키즈데이 포도맛 츄어블(종합비타민) 90정(30일분),"36,000","33,150",8
베러데이,베러데이 키즈데이 칼마디 초코맛 120정(30일분),"36,000","33,150",14
식물나라,식물나라 산소수 가벼운 수분 선젤로션 SPF50+PA++++,"14,800","11,800",999+
식물나라,식물나라 산소수워터프루프선크림(대용량) 100mL,"19,000","11,800",999+
브링그린,[백현 PICK] 브링그린 티트리시카센시티브클렌징워터500mL_NEW,"16,000","11,800",503
커리쉴,커리쉴 모이스처 글로우 헤어 에센스 70ml,"21,000","18,900",999+
에스네이처,[화해수상] 에스네이처 블랑쉬 클렌저 260ml,"26,000","18,900",176
에스네이처,[화해1위] 에스네이처 아쿠아 오아시스 토너 300ml,"24,000","18,900",999+
일리윤,[1월 올영픽] 일리윤 MD 레드이치 오일 200ML 기획(크림 30ML 증정),"24,000","18,900",827
